2020-06,Marianne Estrada
2020-06,Kristine Garner
2020-06,Gina Schwartz
2020-06,Cynthia Webster
2020-06,Mildred Collins
2020-06,Cornelius Roberson
2020-06,Marianne Estrada
2020-06,Mildred Collins
2020-06,Eula Mcguire
2020-06,Carlton Russell
2020-06,Jacquelyn Sullivan
2020-06,Leroy Simpson
2020-06,Eleanor Perkins
2020-06,Winston Bates
2020-06,Nicolas Jenkins
2020-06,Cornelius Roberson
2020-06,Johnathan Maxwell
2020-06,Kristine Garner
2020-06,Alonzo Sutton
2020-06,Irma Page
2020-06,Conrad Brown
2020-06,Cynthia Webster
2020-06,Noah Watts
2020-06,Ronald Thomas
2020-06,Spencer Wilkins
2020-06,Karl Gardner
2020-06,Sonya Pierce
2020-06,Irma Page
2020-06,Raquel Stone
2020-06,Lonnie Edwards
2020-06,Johnathan Maxwell
2020-06,Kirk Smith
2020-06,Alice Clayton
2020-06,Kimberly Daniels
2020-06,Ken Graves
2020-06,Gina Schwartz
2020-06,Cathy Adams
2020-06,Leroy Simpson
2020-06,Curtis French
2020-06,Katie Gomez
2020-06,Gina Schwartz
2020-06,Bridget Pope
2020-06,Richard Alexander
2020-06,Seth Adkins
2020-06,Pat Henry
2020-06,Nathaniel Lopez
2020-06,Kristine Garner
2020-06,Ed Hampton
2020-06,Kim Glover
2020-06,Lonnie Edwards
2020-06,Curtis French
2020-06,Terry Rowe
2020-06,Alan Mitchell
2020-06,Heather Owens
2020-06,Clifton Wheeler
2020-06,Kristin Townsend
2020-06,Lonnie Edwards
2020-06,Pat Henry
2020-06,Alice Clayton
2020-06,Lydia Mccarthy
2020-07,Sonya Pierce
2020-07,Sammy Mcdonald
2020-07,Dora Green
2020-07,Dora Green
2020-07,Lindsey Terry
2020-07,Rene Hopkins
2020-07,Marc Williamson
2020-07,Clifton Wheeler
2020-07,Natalie Moore
2020-07,Francis Hanson
2020-07,Lydia Mccarthy
2020-07,Meghan Murphy
2020-07,Jenna Christensen
2020-07,Clifton Wheeler
2020-07,Karl Gardner
2020-07,Ken Graves
2020-07,Judith Cruz
2020-07,Winston Bates
2020-07,Wesley Vargas
2020-07,Alice Clayton
2020-07,Alan Mitchell
2020-07,Lydia Mccarthy
2020-07,Eleanor Perkins
2020-07,Ernestine Weaver
2020-07,Francis Hanson
2020-07,Bridget Pope
2020-07,Kimberly Daniels
2020-07,Arturo Walker
2020-07,Leroy Simpson
2020-07,Winston Bates
2020-07,Joseph Brewer
2020-07,Marianne Estrada
2020-07,Barry Joseph
2020-07,Marc Williamson
2020-07,Lindsey Terry
2020-07,Alice Clayton
2020-07,Jorge Buchanan
2020-07,Regina Bell
2020-07,Leigh Yates
2020-07,Regina Bell
2020-07,Francis Hanson
2020-07,Joseph Brewer
2020-07,Luis Clark
2020-07,Ernestine Weaver
2020-07,Jenna Christensen
2020-07,Clifton Wheeler
2020-07,Chris Miller
2020-07,Alice Clayton
2020-07,Raquel Stone
2020-07,Claudia Sims
2020-07,Jacquelyn Sullivan
2020-07,Shawna Payne
2020-07,Jody Powell
2020-07,Jenna Christensen
2020-07,Lyle Newman
2020-07,Leroy Simpson
2020-07,Derek Lindsey
2020-07,Winston Bates
2020-07,Shawn Benson
2020-07,Ken Graves
2020-07,Omar Morgan
2020-07,Terry Rowe
2020-07,Pat Henry
2020-07,Meghan Murphy
2020-07,Kirk Smith
2020-07,Alfonso Banks
2020-07,Erick Copeland
2020-07,Lynda Jones
2020-07,Gina Schwartz
2020-07,Conrad Brown
2020-08,Rene Hopkins
2020-08,Jody Powell
2020-08,Neal Thompson
2020-08,Erick Copeland
2020-08,Mike Lewis
2020-08,Natasha Palmer
2020-08,Mildred Collins
2020-08,Claire King
2020-08,Alan Mitchell
2020-08,Conrad Brown
2020-08,Jody Powell
2020-08,Leo Robertson
2020-08,Mike Lewis
2020-08,Nicolas Jenkins
2020-08,Kristine Garner
2020-08,Seth Adkins
2020-08,Leigh Yates
2020-08,Natalie Moore
2020-08,Judith Cruz
2020-08,Ellis Burke
2020-08,Lyle Newman
2020-08,Nicolas Jenkins
2020-08,Brad Turner
2020-08,Cynthia Webster
2020-08,Arlene Barrett
2020-08,Sonya Pierce
2020-08,Kristine Garner
2020-08,Regina Bell
2020-08,Craig Hayes
2020-08,Eleanor Perkins
2020-08,Raquel Stone
2020-08,Shawn Benson
2020-08,Jorge Buchanan
2020-08,Cynthia Webster
2020-08,Alfonso Banks
2020-08,Joseph Brewer
2020-08,Craig Hayes
2020-08,Irma Page
2020-08,Jenna Christensen
2020-08,Minnie Dunn
2020-08,Jana Harvey
2020-08,Meghan Murphy
2020-08,Minnie Dunn
2020-08,Katie Gomez
2020-08,Meghan Murphy
2020-08,Arlene Barrett
2020-08,Diane Lamb
2020-08,Ellis Burke
2020-08,Craig Hayes
2020-08,Olive Floyd
2020-08,Katie Gomez
2020-08,Neal Thompson
2020-08,Derek Lindsey
2020-08,Sonya Pierce
2020-08,Francis Hanson
2020-08,Seth Adkins
2020-08,Arlene Barrett
2020-08,Nicolas Jenkins
2020-08,Kristine Garner
2020-08,Lydia Mccarthy
2020-08,Shawn Benson
2020-08,Eula Mcguire
2020-08,Shawna Payne
2020-08,Spencer Wilkins
2020-08,Spencer Wilkins
2020-08,Omar Morgan
2020-08,Kristin Townsend
2020-08,Heather Owens
2020-08,Leigh Yates
2020-08,Regina Bell
2020-08,Clifton Wheeler
2020-08,Joseph Brewer
2020-08,Alice Clayton
2020-08,Mildred Collins
2020-08,Gwendolyn Hardy
2020-08,Chris Miller
2020-08,Alan Mitchell
2020-08,Minnie Dunn
2020-08,Ken Graves
2020-08,Eula Mcguire
2020-09,Alfonso Banks
2020-09,Ken Graves
2020-09,Joseph Brewer
2020-09,Jody Powell
2020-09,Alan Mitchell
2020-09,Gina Schwartz
2020-09,Nathaniel Lopez
2020-09,Elizabeth Rodriguez
2020-09,Luis Clark
2020-09,Lillian Marshall
2020-09,Carlton Russell
2020-09,Clifton Wheeler
2020-09,Meghan Murphy
2020-09,Chris Miller
2020-09,Joseph Brewer
2020-09,Cornelius Roberson
2020-09,Elizabeth Rodriguez
2020-09,Leigh Yates
2020-09,Cornelius Roberson
2020-09,Mike Lewis
2020-09,Omar Morgan
2020-09,Marilyn Parsons
2020-09,Natalie Moore
2020-09,Claire King
2020-09,Marianne Estrada
2020-09,Arlene Barrett
2020-09,Omar Morgan
2020-09,Meghan Murphy
2020-09,Natasha Palmer
2020-09,Carlton Russell
2020-09,Jacquelyn Sullivan
2020-09,Conrad Brown
2020-09,Claire King
2020-09,Eleanor Perkins
2020-09,Desiree Swanson
2020-09,Louise Burns
2020-09,Carlton Russell
2020-09,Wendell Lynch
2020-09,Craig Hayes
2020-09,Jacquelyn Sullivan
2020-09,Alan Mitchell
2020-09,Robert Montgomery
2020-09,Seth Adkins
2020-09,Terry Rowe
2020-09,Dora Green
2020-09,Alan Mitchell
2020-09,Terry Rowe
2020-09,Regina Bell
2020-09,Johnathan Maxwell
2020-09,Seth Adkins
2020-09,Jody Powell
2020-09,Gwendolyn Hardy
2020-09,Wendell Lynch
2020-09,Jacquelyn Sullivan
2020-09,Sonya Pierce
2020-09,Judith Cruz
2020-09,Wendell Lynch
2020-09,Gwendolyn Hardy
2020-09,Wendell Lynch
2020-09,Johnathan Maxwell
2020-09,Ed Hampton
2020-09,Bridget Pope
2020-09,Alfonso Banks
2020-09,Chris Miller
2020-09,Lillian Marshall
2020-09,Kristin Townsend
2020-09,Meghan Murphy
2020-09,Cynthia Webster
2020-09,Lynda Jones
2020-09,Eleanor Perkins
2020-09,Dora Green
2020-09,Wesley Vargas
2020-09,Conrad Brown
2020-09,Leigh Yates
2020-09,Judith Cruz
2020-09,Johnathan Maxwell
2020-09,Cynthia Webster
2020-09,Natalie Moore
2020-09,Ernestine Weaver
2020-09,Natasha Palmer
2020-09,Curtis French
2020-09,Ellis Burke
2020-09,Conrad Brown
2020-09,Mike Lewis
2020-09,Kimberly Daniels
2020-09,Gertrude Padilla
2020-09,Ed Hampton
2020-09,Conrad Brown
2020-09,Kim Glover
2020-09,Cornelius Roberson
