2020-08,Alcpfvodnqci Wrychyq
2020-08,Bhbku Zkchipkul
2020-08,Cjqimb Gzczmjszic
2020-08,Cyltkdt Jqhdrj
2020-08,Fbbvb Uoqrtbld
2020-08,Gsyel Uwlcioiy
2020-08,Jwkcn Ertmmtdfcvkn
2020-08,Qfahq Qlaqqwz
2020-08,Qusyqr Bgwmthwrvox
2020-08,Qusyqr Bgwmthwrvox
2020-08,Qyywoiqqhcrd Iuzgukwvfw
2020-08,Vzulgzdg Bdkglkpqnmgk
2020-08,Yrehxmu Ystkztdpz
2020-08,Zcqhamybthl Mfoirembe
2020-08,Zcqhamybthl Mfoirembe
2020-08,Zfukztrrzwy Lzmtyy
2020-09,Alcpfvodnqci Wrychyq
2020-09,Bhbku Zkchipkul
2020-09,Cyltkdt Jqhdrj
2020-09,Fbbvb Uoqrtbld
2020-09,Gsyel Uwlcioiy
2020-09,Gsyel Uwlcioiy
2020-09,Jwkcn Ertmmtdfcvkn
2020-09,Qfahq Qlaqqwz
2020-09,Qyywoiqqhcrd Iuzgukwvfw
2020-09,Uespjslz Qcbhzz
2020-09,Uespjslz Qcbhzz
2020-09,Uespjslz Qcbhzz
2020-09,Vzulgzdg Bdkglkpqnmgk
2020-09,Yrehxmu Ystkztdpz
2020-09,Zcqhamybthl Mfoirembe
2020-09,Zfukztrrzwy Lzmtyy
2020-10,Alcpfvodnqci Wrychyq
2020-10,Bhbku Zkchipkul
2020-10,Cjqimb Gzczmjszic
2020-10,Cyltkdt Jqhdrj
2020-10,Fbbvb Uoqrtbld
2020-10,Gsyel Uwlcioiy
2020-10,Jdamvmlghkjs Ywbpok
2020-10,Jwkcn Ertmmtdfcvkn
2020-10,Qfahq Qlaqqwz
2020-10,Qusyqr Bgwmthwrvox
2020-10,Qusyqr Bgwmthwrvox
2020-10,Qyywoiqqhcrd Iuzgukwvfw
2020-10,Smmrujdkf Wccll
2020-10,Uespjslz Qcbhzz
2020-10,Uespjslz Qcbhzz
2020-10,Vdkrfvxfldhu Uziqs
2020-10,Vdkrfvxfldhu Uziqs
2020-10,Vdkrfvxfldhu Uziqs
2020-10,Vzulgzdg Bdkglkpqnmgk
2020-10,Yrehxmu Ystkztdpz
2020-10,Zcqhamybthl Mfoirembe
2020-10,Zfukztrrzwy Lzmtyy
2020-11,Alcpfvodnqci Wrychyq
2020-11,Bhbku Zkchipkul
2020-11,Cbetkpbnqv Jphyd
2020-11,Cjqimb Gzczmjszic
2020-11,Cyltkdt Jqhdrj
2020-11,Fbbvb Uoqrtbld
2020-11,Jwkcn Ertmmtdfcvkn
2020-11,Qfahq Qlaqqwz
2020-11,Qyywoiqqhcrd Iuzgukwvfw
2020-11,Smmrujdkf Wccll
2020-11,Smmrujdkf Wccll
2020-11,Smmrujdkf Wccll
2020-11,Vzulgzdg Bdkglkpqnmgk
2020-11,Yrehxmu Ystkztdpz
2020-11,Zcqhamybthl Mfoirembe
2020-11,Zcqhamybthl Mfoirembe
2020-11,Zcqhamybthl Mfoirembe
2020-11,Zcqhamybthl Mfoirembe
2020-11,Zfukztrrzwy Lzmtyy
2020-12,Alcpfvodnqci Wrychyq
2020-12,Bhbku Zkchipkul
2020-12,Cyltkdt Jqhdrj
2020-12,Fbbvb Uoqrtbld
2020-12,Jwkcn Ertmmtdfcvkn
2020-12,Qfahq Qlaqqwz
2020-12,Qyywoiqqhcrd Iuzgukwvfw
2020-12,Vzulgzdg Bdkglkpqnmgk
2020-12,Yrehxmu Ystkztdpz
2020-12,Zcqhamybthl Mfoirembe
2020-12,Zfukztrrzwy Lzmtyy
2021-01,Alcpfvodnqci Wrychyq
2021-01,Bhbku Zkchipkul
2021-01,Cbetkpbnqv Jphyd
2021-01,Cbetkpbnqv Jphyd
2021-01,Cyltkdt Jqhdrj
2021-01,Fbbvb Uoqrtbld
2021-01,Jdamvmlghkjs Ywbpok
2021-01,Jwkcn Ertmmtdfcvkn
2021-01,Qfahq Qlaqqwz
2021-01,Qusyqr Bgwmthwrvox
2021-01,Qyywoiqqhcrd Iuzgukwvfw
2021-01,Uespjslz Qcbhzz
2021-01,Uespjslz Qcbhzz
2021-01,Vdkrfvxfldhu Uziqs
2021-01,Vzulgzdg Bdkglkpqnmgk
2021-01,Wvbquzanl Tqxfqcdcypap
2021-01,Yrehxmu Ystkztdpz
2021-01,Zcqhamybthl Mfoirembe
2021-01,Zfukztrrzwy Lzmtyy
2021-02,Alcpfvodnqci Wrychyq
2021-02,Aoftwi Oakryyjs
2021-02,Bhbku Zkchipkul
2021-02,Cjqimb Gzczmjszic
2021-02,Cyltkdt Jqhdrj
2021-02,Fbbvb Uoqrtbld
2021-02,Gsyel Uwlcioiy
2021-02,Jwkcn Ertmmtdfcvkn
2021-02,Qfahq Qlaqqwz
2021-02,Qusyqr Bgwmthwrvox
2021-02,Qusyqr Bgwmthwrvox
2021-02,Qyywoiqqhcrd Iuzgukwvfw
2021-02,Smmrujdkf Wccll
2021-02,Vdkrfvxfldhu Uziqs
2021-02,Vdkrfvxfldhu Uziqs
2021-02,Vzulgzdg Bdkglkpqnmgk
2021-02,Wvbquzanl Tqxfqcdcypap
2021-02,Yrehxmu Ystkztdpz
2021-02,Zcqhamybthl Mfoirembe
2021-02,Zcqhamybthl Mfoirembe
2021-02,Zfukztrrzwy Lzmtyy
2021-03,Alcpfvodnqci Wrychyq
2021-03,Bhbku Zkchipkul
2021-03,Cjqimb Gzczmjszic
2021-03,Cyltkdt Jqhdrj
2021-03,Fbbvb Uoqrtbld
2021-03,Gsyel Uwlcioiy
2021-03,Gsyel Uwlcioiy
2021-03,Jdamvmlghkjs Ywbpok
2021-03,Jwkcn Ertmmtdfcvkn
2021-03,Qfahq Qlaqqwz
2021-03,Qusyqr Bgwmthwrvox
2021-03,Qyywoiqqhcrd Iuzgukwvfw
2021-03,Uespjslz Qcbhzz
2021-03,Vzulgzdg Bdkglkpqnmgk
2021-03,Yrehxmu Ystkztdpz
2021-03,Zcqhamybthl Mfoirembe
2021-03,Zcqhamybthl Mfoirembe
2021-03,Zfukztrrzwy Lzmtyy
2021-04,Alcpfvodnqci Wrychyq
2021-04,Bhbku Zkchipkul
2021-04,Cbetkpbnqv Jphyd
2021-04,Cyltkdt Jqhdrj
2021-04,Fbbvb Uoqrtbld
2021-04,Gsyel Uwlcioiy
2021-04,Gsyel Uwlcioiy
2021-04,Jdamvmlghkjs Ywbpok
2021-04,Jdamvmlghkjs Ywbpok
2021-04,Jwkcn Ertmmtdfcvkn
2021-04,Qfahq Qlaqqwz
2021-04,Qusyqr Bgwmthwrvox
2021-04,Qyywoiqqhcrd Iuzgukwvfw
2021-04,Smmrujdkf Wccll
2021-04,Smmrujdkf Wccll
2021-04,Smmrujdkf Wccll
2021-04,Uespjslz Qcbhzz
2021-04,Uespjslz Qcbhzz
2021-04,Vzulgzdg Bdkglkpqnmgk
2021-04,Yrehxmu Ystkztdpz
2021-04,Zfukztrrzwy Lzmtyy
2021-05,Alcpfvodnqci Wrychyq
2021-05,Bhbku Zkchipkul
2021-05,Cjqimb Gzczmjszic
2021-05,Cyltkdt Jqhdrj
2021-05,Fbbvb Uoqrtbld
2021-05,Gsyel Uwlcioiy
2021-05,Gsyel Uwlcioiy
2021-05,Jwkcn Ertmmtdfcvkn
2021-05,Qfahq Qlaqqwz
2021-05,Qyywoiqqhcrd Iuzgukwvfw
2021-05,Uespjslz Qcbhzz
2021-05,Vdkrfvxfldhu Uziqs
2021-05,Vzulgzdg Bdkglkpqnmgk
2021-05,Yrehxmu Ystkztdpz
2021-05,Zfukztrrzwy Lzmtyy
2021-06,Alcpfvodnqci Wrychyq
2021-06,Bhbku Zkchipkul
2021-06,Cjqimb Gzczmjszic
2021-06,Cjqimb Gzczmjszic
2021-06,Cyltkdt Jqhdrj
2021-06,Fbbvb Uoqrtbld
2021-06,Gsyel Uwlcioiy
2021-06,Jwkcn Ertmmtdfcvkn
2021-06,Qfahq Qlaqqwz
2021-06,Qyywoiqqhcrd Iuzgukwvfw
2021-06,Smmrujdkf Wccll
2021-06,Vdkrfvxfldhu Uziqs
2021-06,Vzulgzdg Bdkglkpqnmgk
2021-06,Yrehxmu Ystkztdpz
2021-06,Zfukztrrzwy Lzmtyy
2021-07,Alcpfvodnqci Wrychyq
2021-07,Bhbku Zkchipkul
2021-07,Cjqimb Gzczmjszic
2021-07,Cyltkdt Jqhdrj
2021-07,Fbbvb Uoqrtbld
2021-07,Jdamvmlghkjs Ywbpok
2021-07,Jwkcn Ertmmtdfcvkn
2021-07,Qfahq Qlaqqwz
2021-07,Qusyqr Bgwmthwrvox
2021-07,Qusyqr Bgwmthwrvox
2021-07,Qyywoiqqhcrd Iuzgukwvfw
2021-07,Smmrujdkf Wccll
2021-07,Uespjslz Qcbhzz
2021-07,Vdkrfvxfldhu Uziqs
2021-07,Vzulgzdg Bdkglkpqnmgk
2021-07,Yrehxmu Ystkztdpz
2021-07,Zcqhamybthl Mfoirembe
2021-07,Zfukztrrzwy Lzmtyy
2021-08,Alcpfvodnqci Wrychyq
2021-08,Bhbku Zkchipkul
2021-08,Cjqimb Gzczmjszic
2021-08,Cyltkdt Jqhdrj
2021-08,Fbbvb Uoqrtbld
2021-08,Jwkcn Ertmmtdfcvkn
2021-08,Qfahq Qlaqqwz
2021-08,Qusyqr Bgwmthwrvox
2021-08,Qusyqr Bgwmthwrvox
2021-08,Qusyqr Bgwmthwrvox
2021-08,Qyywoiqqhcrd Iuzgukwvfw
2021-08,Vdkrfvxfldhu Uziqs
2021-08,Vdkrfvxfldhu Uziqs
2021-08,Vzulgzdg Bdkglkpqnmgk
2021-08,Wvbquzanl Tqxfqcdcypap
2021-08,Yrehxmu Ystkztdpz
2021-08,Zfukztrrzwy Lzmtyy
2021-09,Alcpfvodnqci Wrychyq
2021-09,Bhbku Zkchipkul
2021-09,Cyltkdt Jqhdrj
2021-09,Fbbvb Uoqrtbld
2021-09,Gsyel Uwlcioiy
2021-09,Jdamvmlghkjs Ywbpok
2021-09,Jwkcn Ertmmtdfcvkn
2021-09,Qfahq Qlaqqwz
2021-09,Qusyqr Bgwmthwrvox
2021-09,Qusyqr Bgwmthwrvox
2021-09,Qyywoiqqhcrd Iuzgukwvfw
2021-09,Smmrujdkf Wccll
2021-09,Smmrujdkf Wccll
2021-09,Vzulgzdg Bdkglkpqnmgk
2021-09,Yrehxmu Ystkztdpz
2021-09,Zcqhamybthl Mfoirembe
2021-09,Zfukztrrzwy Lzmtyy
2021-10,Alcpfvodnqci Wrychyq
2021-10,Aoftwi Oakryyjs
2021-10,Bhbku Zkchipkul
2021-10,Cyltkdt Jqhdrj
2021-10,Fbbvb Uoqrtbld
2021-10,Gsyel Uwlcioiy
2021-10,Jwkcn Ertmmtdfcvkn
2021-10,Qfahq Qlaqqwz
2021-10,Qyywoiqqhcrd Iuzgukwvfw
2021-10,Smmrujdkf Wccll
2021-10,Smmrujdkf Wccll
2021-10,Uespjslz Qcbhzz
2021-10,Uespjslz Qcbhzz
2021-10,Vdkrfvxfldhu Uziqs
2021-10,Vdkrfvxfldhu Uziqs
2021-10,Vzulgzdg Bdkglkpqnmgk
2021-10,Wvbquzanl Tqxfqcdcypap
2021-10,Yrehxmu Ystkztdpz
2021-10,Zcqhamybthl Mfoirembe
2021-10,Zfukztrrzwy Lzmtyy
2021-11,Alcpfvodnqci Wrychyq
2021-11,Bhbku Zkchipkul
2021-11,Cyltkdt Jqhdrj
2021-11,Fbbvb Uoqrtbld
2021-11,Jdamvmlghkjs Ywbpok
2021-11,Jwkcn Ertmmtdfcvkn
2021-11,Qfahq Qlaqqwz
2021-11,Qusyqr Bgwmthwrvox
2021-11,Qusyqr Bgwmthwrvox
2021-11,Qyywoiqqhcrd Iuzgukwvfw
2021-11,Uespjslz Qcbhzz
2021-11,Vdkrfvxfldhu Uziqs
2021-11,Vzulgzdg Bdkglkpqnmgk
2021-11,Wvbquzanl Tqxfqcdcypap
2021-11,Yrehxmu Ystkztdpz
2021-11,Zcqhamybthl Mfoirembe
2021-11,Zfukztrrzwy Lzmtyy
2021-12,Alcpfvodnqci Wrychyq
2021-12,Bhbku Zkchipkul
2021-12,Cbetkpbnqv Jphyd
2021-12,Cyltkdt Jqhdrj
2021-12,Fbbvb Uoqrtbld
2021-12,Gsyel Uwlcioiy
2021-12,Gsyel Uwlcioiy
2021-12,Jdamvmlghkjs Ywbpok
2021-12,Jwkcn Ertmmtdfcvkn
2021-12,Qfahq Qlaqqwz
2021-12,Qyywoiqqhcrd Iuzgukwvfw
2021-12,Uespjslz Qcbhzz
2021-12,Vzulgzdg Bdkglkpqnmgk
2021-12,Wvbquzanl Tqxfqcdcypap
2021-12,Yrehxmu Ystkztdpz
2021-12,Zcqhamybthl Mfoirembe
2021-12,Zcqhamybthl Mfoirembe
2021-12,Zfukztrrzwy Lzmtyy
2022-01,Alcpfvodnqci Wrychyq
2022-01,Aoftwi Oakryyjs
2022-01,Bhbku Zkchipkul
2022-01,Cyltkdt Jqhdrj
2022-01,Fbbvb Uoqrtbld
2022-01,Jwkcn Ertmmtdfcvkn
2022-01,Qfahq Qlaqqwz
2022-01,Qusyqr Bgwmthwrvox
2022-01,Qyywoiqqhcrd Iuzgukwvfw
2022-01,Smmrujdkf Wccll
2022-01,Uespjslz Qcbhzz
2022-01,Vdkrfvxfldhu Uziqs
2022-01,Vdkrfvxfldhu Uziqs
2022-01,Vzulgzdg Bdkglkpqnmgk
2022-01,Yrehxmu Ystkztdpz
2022-01,Zcqhamybthl Mfoirembe
2022-01,Zfukztrrzwy Lzmtyy
2022-02,Alcpfvodnqci Wrychyq
2022-02,Aoftwi Oakryyjs
2022-02,Bhbku Zkchipkul
2022-02,Cyltkdt Jqhdrj
2022-02,Fbbvb Uoqrtbld
2022-02,Jwkcn Ertmmtdfcvkn
2022-02,Qfahq Qlaqqwz
2022-02,Qusyqr Bgwmthwrvox
2022-02,Qyywoiqqhcrd Iuzgukwvfw
2022-02,Smmrujdkf Wccll
2022-02,Vzulgzdg Bdkglkpqnmgk
2022-02,Yrehxmu Ystkztdpz
2022-02,Zcqhamybthl Mfoirembe
2022-02,Zfukztrrzwy Lzmtyy
2022-03,Alcpfvodnqci Wrychyq
2022-03,Bhbku Zkchipkul
2022-03,Cjqimb Gzczmjszic
2022-03,Cyltkdt Jqhdrj
2022-03,Fbbvb Uoqrtbld
2022-03,Gsyel Uwlcioiy
2022-03,Jwkcn Ertmmtdfcvkn
2022-03,Qfahq Qlaqqwz
2022-03,Qusyqr Bgwmthwrvox
2022-03,Qusyqr Bgwmthwrvox
2022-03,Qyywoiqqhcrd Iuzgukwvfw
2022-03,Smmrujdkf Wccll
2022-03,Uespjslz Qcbhzz
2022-03,Vdkrfvxfldhu Uziqs
2022-03,Vzulgzdg Bdkglkpqnmgk
2022-03,Yrehxmu Ystkztdpz
2022-03,Zcqhamybthl Mfoirembe
2022-03,Zfukztrrzwy Lzmtyy
2022-04,Alcpfvodnqci Wrychyq
2022-04,Bhbku Zkchipkul
2022-04,Cyltkdt Jqhdrj
2022-04,Fbbvb Uoqrtbld
2022-04,Gsyel Uwlcioiy
2022-04,Jwkcn Ertmmtdfcvkn
2022-04,Qfahq Qlaqqwz
2022-04,Qyywoiqqhcrd Iuzgukwvfw
2022-04,Smmrujdkf Wccll
2022-04,Uespjslz Qcbhzz
2022-04,Vzulgzdg Bdkglkpqnmgk
2022-04,Yrehxmu Ystkztdpz
2022-04,Zcqhamybthl Mfoirembe
2022-04,Zfukztrrzwy Lzmtyy
2022-05,Alcpfvodnqci Wrychyq
2022-05,Bhbku Zkchipkul
2022-05,Cbetkpbnqv Jphyd
2022-05,Cjqimb Gzczmjszic
2022-05,Cyltkdt Jqhdrj
2022-05,Fbbvb Uoqrtbld
2022-05,Gsyel Uwlcioiy
2022-05,Jwkcn Ertmmtdfcvkn
2022-05,Qfahq Qlaqqwz
2022-05,Qyywoiqqhcrd Iuzgukwvfw
2022-05,Vzulgzdg Bdkglkpqnmgk
2022-05,Yrehxmu Ystkztdpz
2022-05,Zcqhamybthl Mfoirembe
2022-05,Zfukztrrzwy Lzmtyy
2022-06,Alcpfvodnqci Wrychyq
2022-06,Aoftwi Oakryyjs
2022-06,Bhbku Zkchipkul
2022-06,Cjqimb Gzczmjszic
2022-06,Cyltkdt Jqhdrj
2022-06,Fbbvb Uoqrtbld
2022-06,Gsyel Uwlcioiy
2022-06,Jdamvmlghkjs Ywbpok
2022-06,Jdamvmlghkjs Ywbpok
2022-06,Jwkcn Ertmmtdfcvkn
2022-06,Qfahq Qlaqqwz
2022-06,Qusyqr Bgwmthwrvox
2022-06,Qyywoiqqhcrd Iuzgukwvfw
2022-06,Vzulgzdg Bdkglkpqnmgk
2022-06,Wvbquzanl Tqxfqcdcypap
2022-06,Yrehxmu Ystkztdpz
2022-06,Zfukztrrzwy Lzmtyy
2022-07,Alcpfvodnqci Wrychyq
2022-07,Bhbku Zkchipkul
2022-07,Cbetkpbnqv Jphyd
2022-07,Cjqimb Gzczmjszic
2022-07,Cyltkdt Jqhdrj
2022-07,Fbbvb Uoqrtbld
2022-07,Jwkcn Ertmmtdfcvkn
2022-07,Qfahq Qlaqqwz
2022-07,Qusyqr Bgwmthwrvox
2022-07,Qusyqr Bgwmthwrvox
2022-07,Qyywoiqqhcrd Iuzgukwvfw
2022-07,Uespjslz Qcbhzz
2022-07,Uespjslz Qcbhzz
2022-07,Vdkrfvxfldhu Uziqs
2022-07,Vzulgzdg Bdkglkpqnmgk
2022-07,Yrehxmu Ystkztdpz
2022-07,Zcqhamybthl Mfoirembe
2022-07,Zfukztrrzwy Lzmtyy
2022-08,Alcpfvodnqci Wrychyq
2022-08,Bhbku Zkchipkul
2022-08,Cjqimb Gzczmjszic
2022-08,Cjqimb Gzczmjszic
2022-08,Cyltkdt Jqhdrj
2022-08,Fbbvb Uoqrtbld
2022-08,Gsyel Uwlcioiy
2022-08,Gsyel Uwlcioiy
2022-08,Jwkcn Ertmmtdfcvkn
2022-08,Qfahq Qlaqqwz
2022-08,Qyywoiqqhcrd Iuzgukwvfw
2022-08,Vzulgzdg Bdkglkpqnmgk
2022-08,Yrehxmu Ystkztdpz
2022-08,Zcqhamybthl Mfoirembe
2022-08,Zcqhamybthl Mfoirembe
2022-08,Zfukztrrzwy Lzmtyy
2022-09,Alcpfvodnqci Wrychyq
2022-09,Bhbku Zkchipkul
2022-09,Cjqimb Gzczmjszic
2022-09,Cjqimb Gzczmjszic
2022-09,Cyltkdt Jqhdrj
2022-09,Fbbvb Uoqrtbld
2022-09,Jwkcn Ertmmtdfcvkn
2022-09,Qfahq Qlaqqwz
2022-09,Qusyqr Bgwmthwrvox
2022-09,Qyywoiqqhcrd Iuzgukwvfw
2022-09,Vdkrfvxfldhu Uziqs
2022-09,Vdkrfvxfldhu Uziqs
2022-09,Vzulgzdg Bdkglkpqnmgk
2022-09,Yrehxmu Ystkztdpz
2022-09,Zfukztrrzwy Lzmtyy
2022-10,Alcpfvodnqci Wrychyq
2022-10,Bhbku Zkchipkul
2022-10,Cbetkpbnqv Jphyd
2022-10,Cjqimb Gzczmjszic
2022-10,Cyltkdt Jqhdrj
2022-10,Fbbvb Uoqrtbld
2022-10,Jdamvmlghkjs Ywbpok
2022-10,Jwkcn Ertmmtdfcvkn
2022-10,Qfahq Qlaqqwz
2022-10,Qyywoiqqhcrd Iuzgukwvfw
2022-10,Smmrujdkf Wccll
2022-10,Vzulgzdg Bdkglkpqnmgk
2022-10,Yrehxmu Ystkztdpz
2022-10,Zfukztrrzwy Lzmtyy
2022-11,Alcpfvodnqci Wrychyq
2022-11,Bhbku Zkchipkul
2022-11,Cjqimb Gzczmjszic
2022-11,Cyltkdt Jqhdrj
2022-11,Fbbvb Uoqrtbld
2022-11,Jdamvmlghkjs Ywbpok
2022-11,Jdamvmlghkjs Ywbpok
2022-11,Jwkcn Ertmmtdfcvkn
2022-11,Qfahq Qlaqqwz
2022-11,Qyywoiqqhcrd Iuzgukwvfw
2022-11,Smmrujdkf Wccll
2022-11,Uespjslz Qcbhzz
2022-11,Uespjslz Qcbhzz
2022-11,Uespjslz Qcbhzz
2022-11,Uespjslz Qcbhzz
2022-11,Vzulgzdg Bdkglkpqnmgk
2022-11,Yrehxmu Ystkztdpz
2022-11,Zcqhamybthl Mfoirembe
2022-11,Zfukztrrzwy Lzmtyy
2022-12,Alcpfvodnqci Wrychyq
2022-12,Bhbku Zkchipkul
2022-12,Cyltkdt Jqhdrj
2022-12,Fbbvb Uoqrtbld
2022-12,Gsyel Uwlcioiy
2022-12,Jdamvmlghkjs Ywbpok
2022-12,Jwkcn Ertmmtdfcvkn
2022-12,Qfahq Qlaqqwz
2022-12,Qusyqr Bgwmthwrvox
2022-12,Qyywoiqqhcrd Iuzgukwvfw
2022-12,Vzulgzdg Bdkglkpqnmgk
2022-12,Yrehxmu Ystkztdpz
2022-12,Zcqhamybthl Mfoirembe
2022-12,Zfukztrrzwy Lzmtyy
2023-01,Alcpfvodnqci Wrychyq
2023-01,Bhbku Zkchipkul
2023-01,Cbetkpbnqv Jphyd
2023-01,Cyltkdt Jqhdrj
2023-01,Fbbvb Uoqrtbld
2023-01,Jwkcn Ertmmtdfcvkn
2023-01,Qfahq Qlaqqwz
2023-01,Qusyqr Bgwmthwrvox
2023-01,Qusyqr Bgwmthwrvox
2023-01,Qyywoiqqhcrd Iuzgukwvfw
2023-01,Smmrujdkf Wccll
2023-01,Uespjslz Qcbhzz
2023-01,Uespjslz Qcbhzz
2023-01,Vdkrfvxfldhu Uziqs
2023-01,Vdkrfvxfldhu Uziqs
2023-01,Vzulgzdg Bdkglkpqnmgk
2023-01,Yrehxmu Ystkztdpz
2023-01,Zcqhamybthl Mfoirembe
2023-01,Zfukztrrzwy Lzmtyy
2023-02,Alcpfvodnqci Wrychyq
2023-02,Bhbku Zkchipkul
2023-02,Cyltkdt Jqhdrj
2023-02,Fbbvb Uoqrtbld
2023-02,Jwkcn Ertmmtdfcvkn
2023-02,Qfahq Qlaqqwz
2023-02,Qyywoiqqhcrd Iuzgukwvfw
2023-02,Vzulgzdg Bdkglkpqnmgk
2023-02,Yrehxmu Ystkztdpz
2023-02,Zfukztrrzwy Lzmtyy
2023-03,Alcpfvodnqci Wrychyq
2023-03,Bhbku Zkchipkul
2023-03,Cyltkdt Jqhdrj
2023-03,Fbbvb Uoqrtbld
2023-03,Jwkcn Ertmmtdfcvkn
2023-03,Kcuxkqpmgy Tuyrpouobrqd
2023-03,Qfahq Qlaqqwz
2023-03,Qyywoiqqhcrd Iuzgukwvfw
2023-03,Rhdnikirdkme Dwrulunmiif
2023-03,Vzulgzdg Bdkglkpqnmgk
2023-03,Xocdpml Guzqjnpoapmq
2023-03,Yrehxmu Ystkztdpz
2023-03,Yrmvwozkli Hwtqliwmj
2023-03,Zfukztrrzwy Lzmtyy
