2020-04,Adxykhuzghhr Tnlvyoycsos
2020-04,Agmgkiccpeg Ixfmibrwbd
2020-04,Czescuvew Toeuzdoo
2020-04,Djgpslwn Xypbq
2020-04,Dvqmlebnf Urluysl
2020-04,Dwnohwqm Dwrshydzea
2020-04,Eromfnrr Eypvmvyq
2020-04,Fccimi Hurfzyab
2020-04,Gcpmmc Isztxylp
2020-04,Iwdzzjyomf Fenctzpqbx
2020-04,Izmtfc Pxtgkktri
2020-04,Jhrjfivsansl Utlhzfh
2020-04,Klrvbyae Isabpwvq
2020-04,Krlrmtkbnzkw Fswnjh
2020-04,Lvzvcfvvv Yhndengu
2020-04,Nvxnmj Jkldvm
2020-04,Ogxnuton Hadzliom
2020-04,Oivlud Dgskivfo
2020-04,Qtryr Wrcor
2020-04,Romakz Uexdyotxxv
2020-04,Sbztrhktuyfe Hspfoxdv
2020-04,Siutlqaxqhjm Ucxinhl
2020-04,Smwwx Iwfpvvvymz
2020-04,Spvnbscbsc Kqockgr
2020-04,Tmqzc Bnnzrdhr
2020-04,Xjjdyz Mnmnvmsr
2020-04,Ymfjevgdsv Hnqyydpko
2020-04,Yppurjy Ladssta
2020-05,Adxykhuzghhr Tnlvyoycsos
2020-05,Agmgkiccpeg Ixfmibrwbd
2020-05,Czescuvew Toeuzdoo
2020-05,Djgpslwn Xypbq
2020-05,Dvqmlebnf Urluysl
2020-05,Dwnohwqm Dwrshydzea
2020-05,Eromfnrr Eypvmvyq
2020-05,Fccimi Hurfzyab
2020-05,Gcpmmc Isztxylp
2020-05,Iwdzzjyomf Fenctzpqbx
2020-05,Izmtfc Pxtgkktri
2020-05,Jhrjfivsansl Utlhzfh
2020-05,Klrvbyae Isabpwvq
2020-05,Krlrmtkbnzkw Fswnjh
2020-05,Lvzvcfvvv Yhndengu
2020-05,Nvxnmj Jkldvm
2020-05,Ogxnuton Hadzliom
2020-05,Oivlud Dgskivfo
2020-05,Qtryr Wrcor
2020-05,Romakz Uexdyotxxv
2020-05,Sbztrhktuyfe Hspfoxdv
2020-05,Siutlqaxqhjm Ucxinhl
2020-05,Smwwx Iwfpvvvymz
2020-05,Spvnbscbsc Kqockgr
2020-05,Tmqzc Bnnzrdhr
2020-05,Xjjdyz Mnmnvmsr
2020-05,Ymfjevgdsv Hnqyydpko
2020-05,Yppurjy Ladssta
2020-06,Adxykhuzghhr Tnlvyoycsos
2020-06,Agmgkiccpeg Ixfmibrwbd
2020-06,Czescuvew Toeuzdoo
2020-06,Djgpslwn Xypbq
2020-06,Dvqmlebnf Urluysl
2020-06,Dwnohwqm Dwrshydzea
2020-06,Eromfnrr Eypvmvyq
2020-06,Fccimi Hurfzyab
2020-06,Gcpmmc Isztxylp
2020-06,Iwdzzjyomf Fenctzpqbx
2020-06,Izmtfc Pxtgkktri
2020-06,Jhrjfivsansl Utlhzfh
2020-06,Klrvbyae Isabpwvq
2020-06,Krlrmtkbnzkw Fswnjh
2020-06,Lvzvcfvvv Yhndengu
2020-06,Nvxnmj Jkldvm
2020-06,Ogxnuton Hadzliom
2020-06,Oivlud Dgskivfo
2020-06,Qtryr Wrcor
2020-06,Romakz Uexdyotxxv
2020-06,Sbztrhktuyfe Hspfoxdv
2020-06,Siutlqaxqhjm Ucxinhl
2020-06,Smwwx Iwfpvvvymz
2020-06,Spvnbscbsc Kqockgr
2020-06,Tmqzc Bnnzrdhr
2020-06,Xjjdyz Mnmnvmsr
2020-06,Ymfjevgdsv Hnqyydpko
2020-06,Yppurjy Ladssta
2020-07,Adxykhuzghhr Tnlvyoycsos
2020-07,Agmgkiccpeg Ixfmibrwbd
2020-07,Czescuvew Toeuzdoo
2020-07,Djgpslwn Xypbq
2020-07,Dvqmlebnf Urluysl
2020-07,Dwnohwqm Dwrshydzea
2020-07,Eromfnrr Eypvmvyq
2020-07,Fccimi Hurfzyab
2020-07,Gcpmmc Isztxylp
2020-07,Iwdzzjyomf Fenctzpqbx
2020-07,Izmtfc Pxtgkktri
2020-07,Jhrjfivsansl Utlhzfh
2020-07,Klrvbyae Isabpwvq
2020-07,Krlrmtkbnzkw Fswnjh
2020-07,Lvzvcfvvv Yhndengu
2020-07,Nvxnmj Jkldvm
2020-07,Ogxnuton Hadzliom
2020-07,Oivlud Dgskivfo
2020-07,Qtryr Wrcor
2020-07,Romakz Uexdyotxxv
2020-07,Sbztrhktuyfe Hspfoxdv
2020-07,Siutlqaxqhjm Ucxinhl
2020-07,Smwwx Iwfpvvvymz
2020-07,Spvnbscbsc Kqockgr
2020-07,Tmqzc Bnnzrdhr
2020-07,Xjjdyz Mnmnvmsr
2020-07,Ymfjevgdsv Hnqyydpko
2020-07,Yppurjy Ladssta
2020-08,Adxykhuzghhr Tnlvyoycsos
2020-08,Agmgkiccpeg Ixfmibrwbd
2020-08,Czescuvew Toeuzdoo
2020-08,Djgpslwn Xypbq
2020-08,Dvqmlebnf Urluysl
2020-08,Dwnohwqm Dwrshydzea
2020-08,Eromfnrr Eypvmvyq
2020-08,Fccimi Hurfzyab
2020-08,Gcpmmc Isztxylp
2020-08,Iwdzzjyomf Fenctzpqbx
2020-08,Izmtfc Pxtgkktri
2020-08,Jhrjfivsansl Utlhzfh
2020-08,Klrvbyae Isabpwvq
2020-08,Krlrmtkbnzkw Fswnjh
2020-08,Lvzvcfvvv Yhndengu
2020-08,Nvxnmj Jkldvm
2020-08,Ogxnuton Hadzliom
2020-08,Oivlud Dgskivfo
2020-08,Qtryr Wrcor
2020-08,Romakz Uexdyotxxv
2020-08,Sbztrhktuyfe Hspfoxdv
2020-08,Siutlqaxqhjm Ucxinhl
2020-08,Smwwx Iwfpvvvymz
2020-08,Spvnbscbsc Kqockgr
2020-08,Tmqzc Bnnzrdhr
2020-08,Xjjdyz Mnmnvmsr
2020-08,Ymfjevgdsv Hnqyydpko
2020-08,Yppurjy Ladssta
2020-09,Adxykhuzghhr Tnlvyoycsos
2020-09,Agmgkiccpeg Ixfmibrwbd
2020-09,Czescuvew Toeuzdoo
2020-09,Djgpslwn Xypbq
2020-09,Dvqmlebnf Urluysl
2020-09,Dwnohwqm Dwrshydzea
2020-09,Eromfnrr Eypvmvyq
2020-09,Fccimi Hurfzyab
2020-09,Gcpmmc Isztxylp
2020-09,Iwdzzjyomf Fenctzpqbx
2020-09,Izmtfc Pxtgkktri
2020-09,Jhrjfivsansl Utlhzfh
2020-09,Klrvbyae Isabpwvq
2020-09,Krlrmtkbnzkw Fswnjh
2020-09,Lvzvcfvvv Yhndengu
2020-09,Nvxnmj Jkldvm
2020-09,Ogxnuton Hadzliom
2020-09,Oivlud Dgskivfo
2020-09,Qtryr Wrcor
2020-09,Romakz Uexdyotxxv
2020-09,Sbztrhktuyfe Hspfoxdv
2020-09,Siutlqaxqhjm Ucxinhl
2020-09,Smwwx Iwfpvvvymz
2020-09,Spvnbscbsc Kqockgr
2020-09,Tmqzc Bnnzrdhr
2020-09,Xjjdyz Mnmnvmsr
2020-09,Ymfjevgdsv Hnqyydpko
2020-09,Yppurjy Ladssta
2020-10,Adxykhuzghhr Tnlvyoycsos
2020-10,Agmgkiccpeg Ixfmibrwbd
2020-10,Czescuvew Toeuzdoo
2020-10,Djgpslwn Xypbq
2020-10,Dvqmlebnf Urluysl
2020-10,Dwnohwqm Dwrshydzea
2020-10,Eromfnrr Eypvmvyq
2020-10,Fccimi Hurfzyab
2020-10,Gcpmmc Isztxylp
2020-10,Iwdzzjyomf Fenctzpqbx
2020-10,Izmtfc Pxtgkktri
2020-10,Jhrjfivsansl Utlhzfh
2020-10,Klrvbyae Isabpwvq
2020-10,Krlrmtkbnzkw Fswnjh
2020-10,Lvzvcfvvv Yhndengu
2020-10,Nvxnmj Jkldvm
2020-10,Ogxnuton Hadzliom
2020-10,Oivlud Dgskivfo
2020-10,Qtryr Wrcor
2020-10,Romakz Uexdyotxxv
2020-10,Sbztrhktuyfe Hspfoxdv
2020-10,Siutlqaxqhjm Ucxinhl
2020-10,Smwwx Iwfpvvvymz
2020-10,Spvnbscbsc Kqockgr
2020-10,Tmqzc Bnnzrdhr
2020-10,Xjjdyz Mnmnvmsr
2020-10,Ymfjevgdsv Hnqyydpko
2020-10,Yppurjy Ladssta
2020-11,Adxykhuzghhr Tnlvyoycsos
2020-11,Agmgkiccpeg Ixfmibrwbd
2020-11,Czescuvew Toeuzdoo
2020-11,Djgpslwn Xypbq
2020-11,Dvqmlebnf Urluysl
2020-11,Dwnohwqm Dwrshydzea
2020-11,Eromfnrr Eypvmvyq
2020-11,Fccimi Hurfzyab
2020-11,Gcpmmc Isztxylp
2020-11,Iwdzzjyomf Fenctzpqbx
2020-11,Izmtfc Pxtgkktri
2020-11,Jhrjfivsansl Utlhzfh
2020-11,Klrvbyae Isabpwvq
2020-11,Krlrmtkbnzkw Fswnjh
2020-11,Lvzvcfvvv Yhndengu
2020-11,Nvxnmj Jkldvm
2020-11,Ogxnuton Hadzliom
2020-11,Oivlud Dgskivfo
2020-11,Qtryr Wrcor
2020-11,Romakz Uexdyotxxv
2020-11,Sbztrhktuyfe Hspfoxdv
2020-11,Siutlqaxqhjm Ucxinhl
2020-11,Smwwx Iwfpvvvymz
2020-11,Spvnbscbsc Kqockgr
2020-11,Tmqzc Bnnzrdhr
2020-11,Xjjdyz Mnmnvmsr
2020-11,Ymfjevgdsv Hnqyydpko
2020-11,Yppurjy Ladssta
2020-12,Adxykhuzghhr Tnlvyoycsos
2020-12,Agmgkiccpeg Ixfmibrwbd
2020-12,Czescuvew Toeuzdoo
2020-12,Djgpslwn Xypbq
2020-12,Dvqmlebnf Urluysl
2020-12,Dwnohwqm Dwrshydzea
2020-12,Eromfnrr Eypvmvyq
2020-12,Fccimi Hurfzyab
2020-12,Gcpmmc Isztxylp
2020-12,Iwdzzjyomf Fenctzpqbx
2020-12,Izmtfc Pxtgkktri
2020-12,Jhrjfivsansl Utlhzfh
2020-12,Klrvbyae Isabpwvq
2020-12,Krlrmtkbnzkw Fswnjh
2020-12,Lvzvcfvvv Yhndengu
2020-12,Nvxnmj Jkldvm
2020-12,Ogxnuton Hadzliom
2020-12,Oivlud Dgskivfo
2020-12,Qtryr Wrcor
2020-12,Romakz Uexdyotxxv
2020-12,Sbztrhktuyfe Hspfoxdv
2020-12,Siutlqaxqhjm Ucxinhl
2020-12,Smwwx Iwfpvvvymz
2020-12,Spvnbscbsc Kqockgr
2020-12,Tmqzc Bnnzrdhr
2020-12,Xjjdyz Mnmnvmsr
2020-12,Ymfjevgdsv Hnqyydpko
2020-12,Yppurjy Ladssta
2021-01,Adxykhuzghhr Tnlvyoycsos
2021-01,Agmgkiccpeg Ixfmibrwbd
2021-01,Czescuvew Toeuzdoo
2021-01,Djgpslwn Xypbq
2021-01,Dvqmlebnf Urluysl
2021-01,Dwnohwqm Dwrshydzea
2021-01,Eromfnrr Eypvmvyq
2021-01,Fccimi Hurfzyab
2021-01,Gcpmmc Isztxylp
2021-01,Iwdzzjyomf Fenctzpqbx
2021-01,Izmtfc Pxtgkktri
2021-01,Jhrjfivsansl Utlhzfh
2021-01,Klrvbyae Isabpwvq
2021-01,Krlrmtkbnzkw Fswnjh
2021-01,Lvzvcfvvv Yhndengu
2021-01,Nvxnmj Jkldvm
2021-01,Ogxnuton Hadzliom
2021-01,Oivlud Dgskivfo
2021-01,Qtryr Wrcor
2021-01,Romakz Uexdyotxxv
2021-01,Sbztrhktuyfe Hspfoxdv
2021-01,Siutlqaxqhjm Ucxinhl
2021-01,Smwwx Iwfpvvvymz
2021-01,Spvnbscbsc Kqockgr
2021-01,Tmqzc Bnnzrdhr
2021-01,Xjjdyz Mnmnvmsr
2021-01,Ymfjevgdsv Hnqyydpko
2021-01,Yppurjy Ladssta
2021-02,Adxykhuzghhr Tnlvyoycsos
2021-02,Agmgkiccpeg Ixfmibrwbd
2021-02,Czescuvew Toeuzdoo
2021-02,Djgpslwn Xypbq
2021-02,Dvqmlebnf Urluysl
2021-02,Dwnohwqm Dwrshydzea
2021-02,Eromfnrr Eypvmvyq
2021-02,Fccimi Hurfzyab
2021-02,Gcpmmc Isztxylp
2021-02,Iwdzzjyomf Fenctzpqbx
2021-02,Izmtfc Pxtgkktri
2021-02,Jhrjfivsansl Utlhzfh
2021-02,Klrvbyae Isabpwvq
2021-02,Krlrmtkbnzkw Fswnjh
2021-02,Lvzvcfvvv Yhndengu
2021-02,Nvxnmj Jkldvm
2021-02,Ogxnuton Hadzliom
2021-02,Oivlud Dgskivfo
2021-02,Qtryr Wrcor
2021-02,Romakz Uexdyotxxv
2021-02,Sbztrhktuyfe Hspfoxdv
2021-02,Siutlqaxqhjm Ucxinhl
2021-02,Smwwx Iwfpvvvymz
2021-02,Spvnbscbsc Kqockgr
2021-02,Tmqzc Bnnzrdhr
2021-02,Xjjdyz Mnmnvmsr
2021-02,Ymfjevgdsv Hnqyydpko
2021-02,Yppurjy Ladssta
2021-03,Adxykhuzghhr Tnlvyoycsos
2021-03,Agmgkiccpeg Ixfmibrwbd
2021-03,Czescuvew Toeuzdoo
2021-03,Djgpslwn Xypbq
2021-03,Dvqmlebnf Urluysl
2021-03,Dwnohwqm Dwrshydzea
2021-03,Eromfnrr Eypvmvyq
2021-03,Fccimi Hurfzyab
2021-03,Gcpmmc Isztxylp
2021-03,Iwdzzjyomf Fenctzpqbx
2021-03,Izmtfc Pxtgkktri
2021-03,Jhrjfivsansl Utlhzfh
2021-03,Klrvbyae Isabpwvq
2021-03,Krlrmtkbnzkw Fswnjh
2021-03,Lvzvcfvvv Yhndengu
2021-03,Nvxnmj Jkldvm
2021-03,Ogxnuton Hadzliom
2021-03,Oivlud Dgskivfo
2021-03,Qtryr Wrcor
2021-03,Romakz Uexdyotxxv
2021-03,Sbztrhktuyfe Hspfoxdv
2021-03,Siutlqaxqhjm Ucxinhl
2021-03,Smwwx Iwfpvvvymz
2021-03,Spvnbscbsc Kqockgr
2021-03,Tmqzc Bnnzrdhr
2021-03,Xjjdyz Mnmnvmsr
2021-03,Ymfjevgdsv Hnqyydpko
2021-03,Yppurjy Ladssta
2021-04,Adxykhuzghhr Tnlvyoycsos
2021-04,Agmgkiccpeg Ixfmibrwbd
2021-04,Czescuvew Toeuzdoo
2021-04,Djgpslwn Xypbq
2021-04,Dvqmlebnf Urluysl
2021-04,Dwnohwqm Dwrshydzea
2021-04,Eromfnrr Eypvmvyq
2021-04,Fccimi Hurfzyab
2021-04,Gcpmmc Isztxylp
2021-04,Iwdzzjyomf Fenctzpqbx
2021-04,Izmtfc Pxtgkktri
2021-04,Jhrjfivsansl Utlhzfh
2021-04,Klrvbyae Isabpwvq
2021-04,Krlrmtkbnzkw Fswnjh
2021-04,Lvzvcfvvv Yhndengu
2021-04,Nvxnmj Jkldvm
2021-04,Ogxnuton Hadzliom
2021-04,Oivlud Dgskivfo
2021-04,Qtryr Wrcor
2021-04,Romakz Uexdyotxxv
2021-04,Sbztrhktuyfe Hspfoxdv
2021-04,Siutlqaxqhjm Ucxinhl
2021-04,Smwwx Iwfpvvvymz
2021-04,Spvnbscbsc Kqockgr
2021-04,Tmqzc Bnnzrdhr
2021-04,Xjjdyz Mnmnvmsr
2021-04,Ymfjevgdsv Hnqyydpko
2021-04,Yppurjy Ladssta
2021-05,Adxykhuzghhr Tnlvyoycsos
2021-05,Agmgkiccpeg Ixfmibrwbd
2021-05,Czescuvew Toeuzdoo
2021-05,Djgpslwn Xypbq
2021-05,Dvqmlebnf Urluysl
2021-05,Dwnohwqm Dwrshydzea
2021-05,Eromfnrr Eypvmvyq
2021-05,Fccimi Hurfzyab
2021-05,Gcpmmc Isztxylp
2021-05,Iwdzzjyomf Fenctzpqbx
2021-05,Izmtfc Pxtgkktri
2021-05,Jhrjfivsansl Utlhzfh
2021-05,Klrvbyae Isabpwvq
2021-05,Krlrmtkbnzkw Fswnjh
2021-05,Lvzvcfvvv Yhndengu
2021-05,Nvxnmj Jkldvm
2021-05,Ogxnuton Hadzliom
2021-05,Oivlud Dgskivfo
2021-05,Qtryr Wrcor
2021-05,Romakz Uexdyotxxv
2021-05,Sbztrhktuyfe Hspfoxdv
2021-05,Siutlqaxqhjm Ucxinhl
2021-05,Smwwx Iwfpvvvymz
2021-05,Spvnbscbsc Kqockgr
2021-05,Tmqzc Bnnzrdhr
2021-05,Xjjdyz Mnmnvmsr
2021-05,Ymfjevgdsv Hnqyydpko
2021-05,Yppurjy Ladssta
2021-06,Adxykhuzghhr Tnlvyoycsos
2021-06,Agmgkiccpeg Ixfmibrwbd
2021-06,Czescuvew Toeuzdoo
2021-06,Djgpslwn Xypbq
2021-06,Dvqmlebnf Urluysl
2021-06,Dwnohwqm Dwrshydzea
2021-06,Eromfnrr Eypvmvyq
2021-06,Fccimi Hurfzyab
2021-06,Gcpmmc Isztxylp
2021-06,Iwdzzjyomf Fenctzpqbx
2021-06,Izmtfc Pxtgkktri
2021-06,Jhrjfivsansl Utlhzfh
2021-06,Klrvbyae Isabpwvq
2021-06,Krlrmtkbnzkw Fswnjh
2021-06,Lvzvcfvvv Yhndengu
2021-06,Nvxnmj Jkldvm
2021-06,Ogxnuton Hadzliom
2021-06,Oivlud Dgskivfo
2021-06,Qtryr Wrcor
2021-06,Romakz Uexdyotxxv
2021-06,Sbztrhktuyfe Hspfoxdv
2021-06,Siutlqaxqhjm Ucxinhl
2021-06,Smwwx Iwfpvvvymz
2021-06,Spvnbscbsc Kqockgr
2021-06,Tmqzc Bnnzrdhr
2021-06,Xjjdyz Mnmnvmsr
2021-06,Ymfjevgdsv Hnqyydpko
2021-06,Yppurjy Ladssta
2021-07,Adxykhuzghhr Tnlvyoycsos
2021-07,Agmgkiccpeg Ixfmibrwbd
2021-07,Czescuvew Toeuzdoo
2021-07,Djgpslwn Xypbq
2021-07,Dvqmlebnf Urluysl
2021-07,Dwnohwqm Dwrshydzea
2021-07,Eromfnrr Eypvmvyq
2021-07,Fccimi Hurfzyab
2021-07,Gcpmmc Isztxylp
2021-07,Iwdzzjyomf Fenctzpqbx
2021-07,Izmtfc Pxtgkktri
2021-07,Jhrjfivsansl Utlhzfh
2021-07,Klrvbyae Isabpwvq
2021-07,Krlrmtkbnzkw Fswnjh
2021-07,Lvzvcfvvv Yhndengu
2021-07,Nvxnmj Jkldvm
2021-07,Ogxnuton Hadzliom
2021-07,Oivlud Dgskivfo
2021-07,Qtryr Wrcor
2021-07,Romakz Uexdyotxxv
2021-07,Sbztrhktuyfe Hspfoxdv
2021-07,Siutlqaxqhjm Ucxinhl
2021-07,Smwwx Iwfpvvvymz
2021-07,Spvnbscbsc Kqockgr
2021-07,Tmqzc Bnnzrdhr
2021-07,Xjjdyz Mnmnvmsr
2021-07,Ymfjevgdsv Hnqyydpko
2021-07,Yppurjy Ladssta
2021-08,Adxykhuzghhr Tnlvyoycsos
2021-08,Agmgkiccpeg Ixfmibrwbd
2021-08,Czescuvew Toeuzdoo
2021-08,Djgpslwn Xypbq
2021-08,Dvqmlebnf Urluysl
2021-08,Dwnohwqm Dwrshydzea
2021-08,Eromfnrr Eypvmvyq
2021-08,Fccimi Hurfzyab
2021-08,Gcpmmc Isztxylp
2021-08,Iwdzzjyomf Fenctzpqbx
2021-08,Izmtfc Pxtgkktri
2021-08,Jhrjfivsansl Utlhzfh
2021-08,Klrvbyae Isabpwvq
2021-08,Krlrmtkbnzkw Fswnjh
2021-08,Lvzvcfvvv Yhndengu
2021-08,Nvxnmj Jkldvm
2021-08,Ogxnuton Hadzliom
2021-08,Oivlud Dgskivfo
2021-08,Qtryr Wrcor
2021-08,Romakz Uexdyotxxv
2021-08,Sbztrhktuyfe Hspfoxdv
2021-08,Siutlqaxqhjm Ucxinhl
2021-08,Smwwx Iwfpvvvymz
2021-08,Spvnbscbsc Kqockgr
2021-08,Tmqzc Bnnzrdhr
2021-08,Xjjdyz Mnmnvmsr
2021-08,Ymfjevgdsv Hnqyydpko
2021-08,Yppurjy Ladssta
2021-09,Adxykhuzghhr Tnlvyoycsos
2021-09,Agmgkiccpeg Ixfmibrwbd
2021-09,Czescuvew Toeuzdoo
2021-09,Djgpslwn Xypbq
2021-09,Dvqmlebnf Urluysl
2021-09,Dwnohwqm Dwrshydzea
2021-09,Eromfnrr Eypvmvyq
2021-09,Fccimi Hurfzyab
2021-09,Gcpmmc Isztxylp
2021-09,Iwdzzjyomf Fenctzpqbx
2021-09,Izmtfc Pxtgkktri
2021-09,Jhrjfivsansl Utlhzfh
2021-09,Klrvbyae Isabpwvq
2021-09,Krlrmtkbnzkw Fswnjh
2021-09,Lvzvcfvvv Yhndengu
2021-09,Nvxnmj Jkldvm
2021-09,Ogxnuton Hadzliom
2021-09,Oivlud Dgskivfo
2021-09,Qtryr Wrcor
2021-09,Romakz Uexdyotxxv
2021-09,Sbztrhktuyfe Hspfoxdv
2021-09,Siutlqaxqhjm Ucxinhl
2021-09,Smwwx Iwfpvvvymz
2021-09,Spvnbscbsc Kqockgr
2021-09,Tmqzc Bnnzrdhr
2021-09,Xjjdyz Mnmnvmsr
2021-09,Ymfjevgdsv Hnqyydpko
2021-09,Yppurjy Ladssta
2021-10,Adxykhuzghhr Tnlvyoycsos
2021-10,Agmgkiccpeg Ixfmibrwbd
2021-10,Czescuvew Toeuzdoo
2021-10,Djgpslwn Xypbq
2021-10,Dvqmlebnf Urluysl
2021-10,Dwnohwqm Dwrshydzea
2021-10,Eromfnrr Eypvmvyq
2021-10,Fccimi Hurfzyab
2021-10,Gcpmmc Isztxylp
2021-10,Iwdzzjyomf Fenctzpqbx
2021-10,Izmtfc Pxtgkktri
2021-10,Jhrjfivsansl Utlhzfh
2021-10,Klrvbyae Isabpwvq
2021-10,Krlrmtkbnzkw Fswnjh
2021-10,Lvzvcfvvv Yhndengu
2021-10,Nvxnmj Jkldvm
2021-10,Ogxnuton Hadzliom
2021-10,Oivlud Dgskivfo
2021-10,Qtryr Wrcor
2021-10,Romakz Uexdyotxxv
2021-10,Sbztrhktuyfe Hspfoxdv
2021-10,Siutlqaxqhjm Ucxinhl
2021-10,Smwwx Iwfpvvvymz
2021-10,Spvnbscbsc Kqockgr
2021-10,Tmqzc Bnnzrdhr
2021-10,Xjjdyz Mnmnvmsr
2021-10,Ymfjevgdsv Hnqyydpko
2021-10,Yppurjy Ladssta
2021-11,Adxykhuzghhr Tnlvyoycsos
2021-11,Agmgkiccpeg Ixfmibrwbd
2021-11,Czescuvew Toeuzdoo
2021-11,Djgpslwn Xypbq
2021-11,Dvqmlebnf Urluysl
2021-11,Dwnohwqm Dwrshydzea
2021-11,Eromfnrr Eypvmvyq
2021-11,Fccimi Hurfzyab
2021-11,Gcpmmc Isztxylp
2021-11,Iwdzzjyomf Fenctzpqbx
2021-11,Izmtfc Pxtgkktri
2021-11,Jhrjfivsansl Utlhzfh
2021-11,Klrvbyae Isabpwvq
2021-11,Krlrmtkbnzkw Fswnjh
2021-11,Lvzvcfvvv Yhndengu
2021-11,Nvxnmj Jkldvm
2021-11,Ogxnuton Hadzliom
2021-11,Oivlud Dgskivfo
2021-11,Qtryr Wrcor
2021-11,Romakz Uexdyotxxv
2021-11,Sbztrhktuyfe Hspfoxdv
2021-11,Siutlqaxqhjm Ucxinhl
2021-11,Smwwx Iwfpvvvymz
2021-11,Spvnbscbsc Kqockgr
2021-11,Tmqzc Bnnzrdhr
2021-11,Xjjdyz Mnmnvmsr
2021-11,Ymfjevgdsv Hnqyydpko
2021-11,Yppurjy Ladssta
2021-12,Adxykhuzghhr Tnlvyoycsos
2021-12,Agmgkiccpeg Ixfmibrwbd
2021-12,Czescuvew Toeuzdoo
2021-12,Djgpslwn Xypbq
2021-12,Dvqmlebnf Urluysl
2021-12,Dwnohwqm Dwrshydzea
2021-12,Eromfnrr Eypvmvyq
2021-12,Fccimi Hurfzyab
2021-12,Gcpmmc Isztxylp
2021-12,Iwdzzjyomf Fenctzpqbx
2021-12,Izmtfc Pxtgkktri
2021-12,Jhrjfivsansl Utlhzfh
2021-12,Klrvbyae Isabpwvq
2021-12,Krlrmtkbnzkw Fswnjh
2021-12,Lvzvcfvvv Yhndengu
2021-12,Nvxnmj Jkldvm
2021-12,Ogxnuton Hadzliom
2021-12,Oivlud Dgskivfo
2021-12,Qtryr Wrcor
2021-12,Romakz Uexdyotxxv
2021-12,Sbztrhktuyfe Hspfoxdv
2021-12,Siutlqaxqhjm Ucxinhl
2021-12,Smwwx Iwfpvvvymz
2021-12,Spvnbscbsc Kqockgr
2021-12,Tmqzc Bnnzrdhr
2021-12,Xjjdyz Mnmnvmsr
2021-12,Ymfjevgdsv Hnqyydpko
2021-12,Yppurjy Ladssta
2022-01,Adxykhuzghhr Tnlvyoycsos
2022-01,Agmgkiccpeg Ixfmibrwbd
2022-01,Czescuvew Toeuzdoo
2022-01,Djgpslwn Xypbq
2022-01,Dvqmlebnf Urluysl
2022-01,Dwnohwqm Dwrshydzea
2022-01,Eromfnrr Eypvmvyq
2022-01,Fccimi Hurfzyab
2022-01,Gcpmmc Isztxylp
2022-01,Iwdzzjyomf Fenctzpqbx
2022-01,Izmtfc Pxtgkktri
2022-01,Jhrjfivsansl Utlhzfh
2022-01,Klrvbyae Isabpwvq
2022-01,Krlrmtkbnzkw Fswnjh
2022-01,Lvzvcfvvv Yhndengu
2022-01,Nvxnmj Jkldvm
2022-01,Ogxnuton Hadzliom
2022-01,Oivlud Dgskivfo
2022-01,Qtryr Wrcor
2022-01,Romakz Uexdyotxxv
2022-01,Sbztrhktuyfe Hspfoxdv
2022-01,Siutlqaxqhjm Ucxinhl
2022-01,Smwwx Iwfpvvvymz
2022-01,Spvnbscbsc Kqockgr
2022-01,Tmqzc Bnnzrdhr
2022-01,Xjjdyz Mnmnvmsr
2022-01,Ymfjevgdsv Hnqyydpko
2022-01,Yppurjy Ladssta
2022-02,Adxykhuzghhr Tnlvyoycsos
2022-02,Agmgkiccpeg Ixfmibrwbd
2022-02,Czescuvew Toeuzdoo
2022-02,Djgpslwn Xypbq
2022-02,Dvqmlebnf Urluysl
2022-02,Dwnohwqm Dwrshydzea
2022-02,Eromfnrr Eypvmvyq
2022-02,Fccimi Hurfzyab
2022-02,Gcpmmc Isztxylp
2022-02,Iwdzzjyomf Fenctzpqbx
2022-02,Izmtfc Pxtgkktri
2022-02,Jhrjfivsansl Utlhzfh
2022-02,Klrvbyae Isabpwvq
2022-02,Krlrmtkbnzkw Fswnjh
2022-02,Lvzvcfvvv Yhndengu
2022-02,Nvxnmj Jkldvm
2022-02,Ogxnuton Hadzliom
2022-02,Oivlud Dgskivfo
2022-02,Qtryr Wrcor
2022-02,Romakz Uexdyotxxv
2022-02,Sbztrhktuyfe Hspfoxdv
2022-02,Siutlqaxqhjm Ucxinhl
2022-02,Smwwx Iwfpvvvymz
2022-02,Spvnbscbsc Kqockgr
2022-02,Tmqzc Bnnzrdhr
2022-02,Xjjdyz Mnmnvmsr
2022-02,Ymfjevgdsv Hnqyydpko
2022-02,Yppurjy Ladssta
2022-03,Adxykhuzghhr Tnlvyoycsos
2022-03,Agmgkiccpeg Ixfmibrwbd
2022-03,Czescuvew Toeuzdoo
2022-03,Djgpslwn Xypbq
2022-03,Dvqmlebnf Urluysl
2022-03,Dwnohwqm Dwrshydzea
2022-03,Eromfnrr Eypvmvyq
2022-03,Fccimi Hurfzyab
2022-03,Gcpmmc Isztxylp
2022-03,Iwdzzjyomf Fenctzpqbx
2022-03,Izmtfc Pxtgkktri
2022-03,Jhrjfivsansl Utlhzfh
2022-03,Klrvbyae Isabpwvq
2022-03,Krlrmtkbnzkw Fswnjh
2022-03,Lvzvcfvvv Yhndengu
2022-03,Nvxnmj Jkldvm
2022-03,Ogxnuton Hadzliom
2022-03,Oivlud Dgskivfo
2022-03,Qtryr Wrcor
2022-03,Romakz Uexdyotxxv
2022-03,Sbztrhktuyfe Hspfoxdv
2022-03,Siutlqaxqhjm Ucxinhl
2022-03,Smwwx Iwfpvvvymz
2022-03,Spvnbscbsc Kqockgr
2022-03,Tmqzc Bnnzrdhr
2022-03,Xjjdyz Mnmnvmsr
2022-03,Ymfjevgdsv Hnqyydpko
2022-03,Yppurjy Ladssta
2022-04,Adxykhuzghhr Tnlvyoycsos
2022-04,Agmgkiccpeg Ixfmibrwbd
2022-04,Czescuvew Toeuzdoo
2022-04,Djgpslwn Xypbq
2022-04,Dvqmlebnf Urluysl
2022-04,Dwnohwqm Dwrshydzea
2022-04,Eromfnrr Eypvmvyq
2022-04,Fccimi Hurfzyab
2022-04,Gcpmmc Isztxylp
2022-04,Iwdzzjyomf Fenctzpqbx
2022-04,Izmtfc Pxtgkktri
2022-04,Jhrjfivsansl Utlhzfh
2022-04,Klrvbyae Isabpwvq
2022-04,Krlrmtkbnzkw Fswnjh
2022-04,Lvzvcfvvv Yhndengu
2022-04,Nvxnmj Jkldvm
2022-04,Ogxnuton Hadzliom
2022-04,Oivlud Dgskivfo
2022-04,Qtryr Wrcor
2022-04,Romakz Uexdyotxxv
2022-04,Sbztrhktuyfe Hspfoxdv
2022-04,Siutlqaxqhjm Ucxinhl
2022-04,Smwwx Iwfpvvvymz
2022-04,Spvnbscbsc Kqockgr
2022-04,Tmqzc Bnnzrdhr
2022-04,Xjjdyz Mnmnvmsr
2022-04,Ymfjevgdsv Hnqyydpko
2022-04,Yppurjy Ladssta
2022-05,Adxykhuzghhr Tnlvyoycsos
2022-05,Agmgkiccpeg Ixfmibrwbd
2022-05,Czescuvew Toeuzdoo
2022-05,Djgpslwn Xypbq
2022-05,Dvqmlebnf Urluysl
2022-05,Dwnohwqm Dwrshydzea
2022-05,Eromfnrr Eypvmvyq
2022-05,Fccimi Hurfzyab
2022-05,Gcpmmc Isztxylp
2022-05,Iwdzzjyomf Fenctzpqbx
2022-05,Izmtfc Pxtgkktri
2022-05,Jhrjfivsansl Utlhzfh
2022-05,Klrvbyae Isabpwvq
2022-05,Krlrmtkbnzkw Fswnjh
2022-05,Lvzvcfvvv Yhndengu
2022-05,Nvxnmj Jkldvm
2022-05,Ogxnuton Hadzliom
2022-05,Oivlud Dgskivfo
2022-05,Qtryr Wrcor
2022-05,Romakz Uexdyotxxv
2022-05,Sbztrhktuyfe Hspfoxdv
2022-05,Siutlqaxqhjm Ucxinhl
2022-05,Smwwx Iwfpvvvymz
2022-05,Spvnbscbsc Kqockgr
2022-05,Tmqzc Bnnzrdhr
2022-05,Xjjdyz Mnmnvmsr
2022-05,Ymfjevgdsv Hnqyydpko
2022-05,Yppurjy Ladssta
2022-06,Adxykhuzghhr Tnlvyoycsos
2022-06,Agmgkiccpeg Ixfmibrwbd
2022-06,Czescuvew Toeuzdoo
2022-06,Djgpslwn Xypbq
2022-06,Dvqmlebnf Urluysl
2022-06,Dwnohwqm Dwrshydzea
2022-06,Eromfnrr Eypvmvyq
2022-06,Fccimi Hurfzyab
2022-06,Gcpmmc Isztxylp
2022-06,Iwdzzjyomf Fenctzpqbx
2022-06,Izmtfc Pxtgkktri
2022-06,Jhrjfivsansl Utlhzfh
2022-06,Klrvbyae Isabpwvq
2022-06,Krlrmtkbnzkw Fswnjh
2022-06,Lvzvcfvvv Yhndengu
2022-06,Nvxnmj Jkldvm
2022-06,Ogxnuton Hadzliom
2022-06,Oivlud Dgskivfo
2022-06,Qtryr Wrcor
2022-06,Romakz Uexdyotxxv
2022-06,Sbztrhktuyfe Hspfoxdv
2022-06,Siutlqaxqhjm Ucxinhl
2022-06,Smwwx Iwfpvvvymz
2022-06,Spvnbscbsc Kqockgr
2022-06,Tmqzc Bnnzrdhr
2022-06,Xjjdyz Mnmnvmsr
2022-06,Ymfjevgdsv Hnqyydpko
2022-06,Yppurjy Ladssta
2022-07,Adxykhuzghhr Tnlvyoycsos
2022-07,Agmgkiccpeg Ixfmibrwbd
2022-07,Czescuvew Toeuzdoo
2022-07,Djgpslwn Xypbq
2022-07,Dvqmlebnf Urluysl
2022-07,Dwnohwqm Dwrshydzea
2022-07,Eromfnrr Eypvmvyq
2022-07,Fccimi Hurfzyab
2022-07,Gcpmmc Isztxylp
2022-07,Iwdzzjyomf Fenctzpqbx
2022-07,Izmtfc Pxtgkktri
2022-07,Jhrjfivsansl Utlhzfh
2022-07,Klrvbyae Isabpwvq
2022-07,Krlrmtkbnzkw Fswnjh
2022-07,Lvzvcfvvv Yhndengu
2022-07,Nvxnmj Jkldvm
2022-07,Ogxnuton Hadzliom
2022-07,Oivlud Dgskivfo
2022-07,Qtryr Wrcor
2022-07,Romakz Uexdyotxxv
2022-07,Sbztrhktuyfe Hspfoxdv
2022-07,Siutlqaxqhjm Ucxinhl
2022-07,Smwwx Iwfpvvvymz
2022-07,Spvnbscbsc Kqockgr
2022-07,Tmqzc Bnnzrdhr
2022-07,Xjjdyz Mnmnvmsr
2022-07,Ymfjevgdsv Hnqyydpko
2022-07,Yppurjy Ladssta
2022-08,Adxykhuzghhr Tnlvyoycsos
2022-08,Agmgkiccpeg Ixfmibrwbd
2022-08,Czescuvew Toeuzdoo
2022-08,Djgpslwn Xypbq
2022-08,Dvqmlebnf Urluysl
2022-08,Dwnohwqm Dwrshydzea
2022-08,Eromfnrr Eypvmvyq
2022-08,Fccimi Hurfzyab
2022-08,Gcpmmc Isztxylp
2022-08,Iwdzzjyomf Fenctzpqbx
2022-08,Izmtfc Pxtgkktri
2022-08,Jhrjfivsansl Utlhzfh
2022-08,Klrvbyae Isabpwvq
2022-08,Krlrmtkbnzkw Fswnjh
2022-08,Lvzvcfvvv Yhndengu
2022-08,Nvxnmj Jkldvm
2022-08,Ogxnuton Hadzliom
2022-08,Oivlud Dgskivfo
2022-08,Qtryr Wrcor
2022-08,Romakz Uexdyotxxv
2022-08,Sbztrhktuyfe Hspfoxdv
2022-08,Siutlqaxqhjm Ucxinhl
2022-08,Smwwx Iwfpvvvymz
2022-08,Spvnbscbsc Kqockgr
2022-08,Tmqzc Bnnzrdhr
2022-08,Xjjdyz Mnmnvmsr
2022-08,Ymfjevgdsv Hnqyydpko
2022-08,Yppurjy Ladssta
2022-09,Adxykhuzghhr Tnlvyoycsos
2022-09,Agmgkiccpeg Ixfmibrwbd
2022-09,Czescuvew Toeuzdoo
2022-09,Djgpslwn Xypbq
2022-09,Dvqmlebnf Urluysl
2022-09,Dwnohwqm Dwrshydzea
2022-09,Eromfnrr Eypvmvyq
2022-09,Fccimi Hurfzyab
2022-09,Gcpmmc Isztxylp
2022-09,Iwdzzjyomf Fenctzpqbx
2022-09,Izmtfc Pxtgkktri
2022-09,Jhrjfivsansl Utlhzfh
2022-09,Klrvbyae Isabpwvq
2022-09,Krlrmtkbnzkw Fswnjh
2022-09,Lvzvcfvvv Yhndengu
2022-09,Nvxnmj Jkldvm
2022-09,Ogxnuton Hadzliom
2022-09,Oivlud Dgskivfo
2022-09,Qtryr Wrcor
2022-09,Romakz Uexdyotxxv
2022-09,Sbztrhktuyfe Hspfoxdv
2022-09,Siutlqaxqhjm Ucxinhl
2022-09,Smwwx Iwfpvvvymz
2022-09,Spvnbscbsc Kqockgr
2022-09,Tmqzc Bnnzrdhr
2022-09,Xjjdyz Mnmnvmsr
2022-09,Ymfjevgdsv Hnqyydpko
2022-09,Yppurjy Ladssta
2022-10,Adxykhuzghhr Tnlvyoycsos
2022-10,Agmgkiccpeg Ixfmibrwbd
2022-10,Czescuvew Toeuzdoo
2022-10,Djgpslwn Xypbq
2022-10,Dvqmlebnf Urluysl
2022-10,Dwnohwqm Dwrshydzea
2022-10,Eromfnrr Eypvmvyq
2022-10,Fccimi Hurfzyab
2022-10,Gcpmmc Isztxylp
2022-10,Iwdzzjyomf Fenctzpqbx
2022-10,Izmtfc Pxtgkktri
2022-10,Jhrjfivsansl Utlhzfh
2022-10,Klrvbyae Isabpwvq
2022-10,Krlrmtkbnzkw Fswnjh
2022-10,Lvzvcfvvv Yhndengu
2022-10,Nvxnmj Jkldvm
2022-10,Ogxnuton Hadzliom
2022-10,Oivlud Dgskivfo
2022-10,Qtryr Wrcor
2022-10,Romakz Uexdyotxxv
2022-10,Sbztrhktuyfe Hspfoxdv
2022-10,Siutlqaxqhjm Ucxinhl
2022-10,Smwwx Iwfpvvvymz
2022-10,Spvnbscbsc Kqockgr
2022-10,Tmqzc Bnnzrdhr
2022-10,Xjjdyz Mnmnvmsr
2022-10,Ymfjevgdsv Hnqyydpko
2022-10,Yppurjy Ladssta
2022-11,Adxykhuzghhr Tnlvyoycsos
2022-11,Agmgkiccpeg Ixfmibrwbd
2022-11,Czescuvew Toeuzdoo
2022-11,Djgpslwn Xypbq
2022-11,Dvqmlebnf Urluysl
2022-11,Dwnohwqm Dwrshydzea
2022-11,Eromfnrr Eypvmvyq
2022-11,Fccimi Hurfzyab
2022-11,Gcpmmc Isztxylp
2022-11,Iwdzzjyomf Fenctzpqbx
2022-11,Izmtfc Pxtgkktri
2022-11,Jhrjfivsansl Utlhzfh
2022-11,Klrvbyae Isabpwvq
2022-11,Krlrmtkbnzkw Fswnjh
2022-11,Lvzvcfvvv Yhndengu
2022-11,Nvxnmj Jkldvm
2022-11,Ogxnuton Hadzliom
2022-11,Oivlud Dgskivfo
2022-11,Qtryr Wrcor
2022-11,Romakz Uexdyotxxv
2022-11,Sbztrhktuyfe Hspfoxdv
2022-11,Siutlqaxqhjm Ucxinhl
2022-11,Smwwx Iwfpvvvymz
2022-11,Spvnbscbsc Kqockgr
2022-11,Tmqzc Bnnzrdhr
2022-11,Xjjdyz Mnmnvmsr
2022-11,Ymfjevgdsv Hnqyydpko
2022-11,Yppurjy Ladssta
2022-12,Adxykhuzghhr Tnlvyoycsos
2022-12,Agmgkiccpeg Ixfmibrwbd
2022-12,Czescuvew Toeuzdoo
2022-12,Djgpslwn Xypbq
2022-12,Dvqmlebnf Urluysl
2022-12,Dwnohwqm Dwrshydzea
2022-12,Eromfnrr Eypvmvyq
2022-12,Fccimi Hurfzyab
2022-12,Gcpmmc Isztxylp
2022-12,Iwdzzjyomf Fenctzpqbx
2022-12,Izmtfc Pxtgkktri
2022-12,Jhrjfivsansl Utlhzfh
2022-12,Klrvbyae Isabpwvq
2022-12,Krlrmtkbnzkw Fswnjh
2022-12,Lvzvcfvvv Yhndengu
2022-12,Nvxnmj Jkldvm
2022-12,Ogxnuton Hadzliom
2022-12,Oivlud Dgskivfo
2022-12,Qtryr Wrcor
2022-12,Romakz Uexdyotxxv
2022-12,Sbztrhktuyfe Hspfoxdv
2022-12,Siutlqaxqhjm Ucxinhl
2022-12,Smwwx Iwfpvvvymz
2022-12,Spvnbscbsc Kqockgr
2022-12,Tmqzc Bnnzrdhr
2022-12,Xjjdyz Mnmnvmsr
2022-12,Ymfjevgdsv Hnqyydpko
2022-12,Yppurjy Ladssta
2023-01,Adxykhuzghhr Tnlvyoycsos
2023-01,Agmgkiccpeg Ixfmibrwbd
2023-01,Czescuvew Toeuzdoo
2023-01,Djgpslwn Xypbq
2023-01,Dvqmlebnf Urluysl
2023-01,Dwnohwqm Dwrshydzea
2023-01,Eromfnrr Eypvmvyq
2023-01,Fccimi Hurfzyab
2023-01,Gcpmmc Isztxylp
2023-01,Iwdzzjyomf Fenctzpqbx
2023-01,Izmtfc Pxtgkktri
2023-01,Jhrjfivsansl Utlhzfh
2023-01,Klrvbyae Isabpwvq
2023-01,Krlrmtkbnzkw Fswnjh
2023-01,Lvzvcfvvv Yhndengu
2023-01,Nvxnmj Jkldvm
2023-01,Ogxnuton Hadzliom
2023-01,Oivlud Dgskivfo
2023-01,Qtryr Wrcor
2023-01,Romakz Uexdyotxxv
2023-01,Sbztrhktuyfe Hspfoxdv
2023-01,Siutlqaxqhjm Ucxinhl
2023-01,Smwwx Iwfpvvvymz
2023-01,Spvnbscbsc Kqockgr
2023-01,Tmqzc Bnnzrdhr
2023-01,Xjjdyz Mnmnvmsr
2023-01,Ymfjevgdsv Hnqyydpko
2023-01,Yppurjy Ladssta
2023-02,Adxykhuzghhr Tnlvyoycsos
2023-02,Agmgkiccpeg Ixfmibrwbd
2023-02,Czescuvew Toeuzdoo
2023-02,Djgpslwn Xypbq
2023-02,Dvqmlebnf Urluysl
2023-02,Dwnohwqm Dwrshydzea
2023-02,Eromfnrr Eypvmvyq
2023-02,Fccimi Hurfzyab
2023-02,Gcpmmc Isztxylp
2023-02,Iwdzzjyomf Fenctzpqbx
2023-02,Izmtfc Pxtgkktri
2023-02,Jhrjfivsansl Utlhzfh
2023-02,Klrvbyae Isabpwvq
2023-02,Krlrmtkbnzkw Fswnjh
2023-02,Lvzvcfvvv Yhndengu
2023-02,Nvxnmj Jkldvm
2023-02,Ogxnuton Hadzliom
2023-02,Oivlud Dgskivfo
2023-02,Qtryr Wrcor
2023-02,Romakz Uexdyotxxv
2023-02,Sbztrhktuyfe Hspfoxdv
2023-02,Siutlqaxqhjm Ucxinhl
2023-02,Smwwx Iwfpvvvymz
2023-02,Spvnbscbsc Kqockgr
2023-02,Tmqzc Bnnzrdhr
2023-02,Xjjdyz Mnmnvmsr
2023-02,Ymfjevgdsv Hnqyydpko
2023-02,Yppurjy Ladssta
2023-03,Adxykhuzghhr Tnlvyoycsos
2023-03,Agmgkiccpeg Ixfmibrwbd
2023-03,Czescuvew Toeuzdoo
2023-03,Djgpslwn Xypbq
2023-03,Dvqmlebnf Urluysl
2023-03,Dwnohwqm Dwrshydzea
2023-03,Eromfnrr Eypvmvyq
2023-03,Fccimi Hurfzyab
2023-03,Gcpmmc Isztxylp
2023-03,Iwdzzjyomf Fenctzpqbx
2023-03,Izmtfc Pxtgkktri
2023-03,Jhrjfivsansl Utlhzfh
2023-03,Klrvbyae Isabpwvq
2023-03,Krlrmtkbnzkw Fswnjh
2023-03,Lvzvcfvvv Yhndengu
2023-03,Nvxnmj Jkldvm
2023-03,Ogxnuton Hadzliom
2023-03,Oivlud Dgskivfo
2023-03,Qtryr Wrcor
2023-03,Romakz Uexdyotxxv
2023-03,Sbztrhktuyfe Hspfoxdv
2023-03,Siutlqaxqhjm Ucxinhl
2023-03,Smwwx Iwfpvvvymz
2023-03,Spvnbscbsc Kqockgr
2023-03,Tmqzc Bnnzrdhr
2023-03,Xjjdyz Mnmnvmsr
2023-03,Ymfjevgdsv Hnqyydpko
2023-03,Yppurjy Ladssta
2023-04,Adxykhuzghhr Tnlvyoycsos
2023-04,Agmgkiccpeg Ixfmibrwbd
2023-04,Czescuvew Toeuzdoo
2023-04,Djgpslwn Xypbq
2023-04,Dvqmlebnf Urluysl
2023-04,Dwnohwqm Dwrshydzea
2023-04,Eromfnrr Eypvmvyq
2023-04,Fccimi Hurfzyab
2023-04,Gcpmmc Isztxylp
2023-04,Iwdzzjyomf Fenctzpqbx
2023-04,Izmtfc Pxtgkktri
2023-04,Jhrjfivsansl Utlhzfh
2023-04,Klrvbyae Isabpwvq
2023-04,Krlrmtkbnzkw Fswnjh
2023-04,Lvzvcfvvv Yhndengu
2023-04,Nvxnmj Jkldvm
2023-04,Ogxnuton Hadzliom
2023-04,Oivlud Dgskivfo
2023-04,Qtryr Wrcor
2023-04,Romakz Uexdyotxxv
2023-04,Sbztrhktuyfe Hspfoxdv
2023-04,Siutlqaxqhjm Ucxinhl
2023-04,Smwwx Iwfpvvvymz
2023-04,Spvnbscbsc Kqockgr
2023-04,Tmqzc Bnnzrdhr
2023-04,Xjjdyz Mnmnvmsr
2023-04,Ymfjevgdsv Hnqyydpko
2023-04,Yppurjy Ladssta
2023-05,Adxykhuzghhr Tnlvyoycsos
2023-05,Agmgkiccpeg Ixfmibrwbd
2023-05,Czescuvew Toeuzdoo
2023-05,Djgpslwn Xypbq
2023-05,Dvqmlebnf Urluysl
2023-05,Dwnohwqm Dwrshydzea
2023-05,Eromfnrr Eypvmvyq
2023-05,Fccimi Hurfzyab
2023-05,Gcpmmc Isztxylp
2023-05,Iwdzzjyomf Fenctzpqbx
2023-05,Izmtfc Pxtgkktri
2023-05,Jhrjfivsansl Utlhzfh
2023-05,Klrvbyae Isabpwvq
2023-05,Krlrmtkbnzkw Fswnjh
2023-05,Lvzvcfvvv Yhndengu
2023-05,Nvxnmj Jkldvm
2023-05,Ogxnuton Hadzliom
2023-05,Oivlud Dgskivfo
2023-05,Qtryr Wrcor
2023-05,Romakz Uexdyotxxv
2023-05,Sbztrhktuyfe Hspfoxdv
2023-05,Siutlqaxqhjm Ucxinhl
2023-05,Smwwx Iwfpvvvymz
2023-05,Spvnbscbsc Kqockgr
2023-05,Tmqzc Bnnzrdhr
2023-05,Xjjdyz Mnmnvmsr
2023-05,Ymfjevgdsv Hnqyydpko
2023-05,Yppurjy Ladssta
2023-06,Adxykhuzghhr Tnlvyoycsos
2023-06,Agmgkiccpeg Ixfmibrwbd
2023-06,Czescuvew Toeuzdoo
2023-06,Djgpslwn Xypbq
2023-06,Dvqmlebnf Urluysl
2023-06,Dwnohwqm Dwrshydzea
2023-06,Eromfnrr Eypvmvyq
2023-06,Fccimi Hurfzyab
2023-06,Gcpmmc Isztxylp
2023-06,Iwdzzjyomf Fenctzpqbx
2023-06,Izmtfc Pxtgkktri
2023-06,Jhrjfivsansl Utlhzfh
2023-06,Klrvbyae Isabpwvq
2023-06,Krlrmtkbnzkw Fswnjh
2023-06,Lvzvcfvvv Yhndengu
2023-06,Nvxnmj Jkldvm
2023-06,Ogxnuton Hadzliom
2023-06,Oivlud Dgskivfo
2023-06,Qtryr Wrcor
2023-06,Romakz Uexdyotxxv
2023-06,Sbztrhktuyfe Hspfoxdv
2023-06,Siutlqaxqhjm Ucxinhl
2023-06,Smwwx Iwfpvvvymz
2023-06,Spvnbscbsc Kqockgr
2023-06,Tmqzc Bnnzrdhr
2023-06,Xjjdyz Mnmnvmsr
2023-06,Ymfjevgdsv Hnqyydpko
2023-06,Yppurjy Ladssta
2023-07,Adxykhuzghhr Tnlvyoycsos
2023-07,Agmgkiccpeg Ixfmibrwbd
2023-07,Czescuvew Toeuzdoo
2023-07,Djgpslwn Xypbq
2023-07,Dvqmlebnf Urluysl
2023-07,Dwnohwqm Dwrshydzea
2023-07,Eromfnrr Eypvmvyq
2023-07,Fccimi Hurfzyab
2023-07,Gcpmmc Isztxylp
2023-07,Iwdzzjyomf Fenctzpqbx
2023-07,Izmtfc Pxtgkktri
2023-07,Jhrjfivsansl Utlhzfh
2023-07,Klrvbyae Isabpwvq
2023-07,Krlrmtkbnzkw Fswnjh
2023-07,Lvzvcfvvv Yhndengu
2023-07,Nvxnmj Jkldvm
2023-07,Ogxnuton Hadzliom
2023-07,Oivlud Dgskivfo
2023-07,Qtryr Wrcor
2023-07,Romakz Uexdyotxxv
2023-07,Sbztrhktuyfe Hspfoxdv
2023-07,Siutlqaxqhjm Ucxinhl
2023-07,Smwwx Iwfpvvvymz
2023-07,Spvnbscbsc Kqockgr
2023-07,Tmqzc Bnnzrdhr
2023-07,Xjjdyz Mnmnvmsr
2023-07,Ymfjevgdsv Hnqyydpko
2023-07,Yppurjy Ladssta
2023-08,Adxykhuzghhr Tnlvyoycsos
2023-08,Agmgkiccpeg Ixfmibrwbd
2023-08,Czescuvew Toeuzdoo
2023-08,Djgpslwn Xypbq
2023-08,Dvqmlebnf Urluysl
2023-08,Dwnohwqm Dwrshydzea
2023-08,Eromfnrr Eypvmvyq
2023-08,Fccimi Hurfzyab
2023-08,Gcpmmc Isztxylp
2023-08,Iwdzzjyomf Fenctzpqbx
2023-08,Izmtfc Pxtgkktri
2023-08,Jhrjfivsansl Utlhzfh
2023-08,Klrvbyae Isabpwvq
2023-08,Krlrmtkbnzkw Fswnjh
2023-08,Lvzvcfvvv Yhndengu
2023-08,Nvxnmj Jkldvm
2023-08,Ogxnuton Hadzliom
2023-08,Oivlud Dgskivfo
2023-08,Qtryr Wrcor
2023-08,Romakz Uexdyotxxv
2023-08,Sbztrhktuyfe Hspfoxdv
2023-08,Siutlqaxqhjm Ucxinhl
2023-08,Smwwx Iwfpvvvymz
2023-08,Spvnbscbsc Kqockgr
2023-08,Tmqzc Bnnzrdhr
2023-08,Xjjdyz Mnmnvmsr
2023-08,Ymfjevgdsv Hnqyydpko
2023-08,Yppurjy Ladssta
