2020-01,Cwlddyiftgke Rbtufuncm
2020-01,Dmutlgmanmec Txkktpnpak
2020-01,Dvzsqu Fbdadnhfiroy
2020-01,Gdijqfy Nnwjv
2020-01,Gdijqfy Nnwjv
2020-01,Gdijqfy Nnwjv
2020-01,Idrmipx Flnbtcrcrmnh
2020-01,Ijkhxoxr Hxgvngm
2020-01,Ijkhxoxr Hxgvngm
2020-01,Lmnlgoczu Nxuyujormja
2020-01,Mlhxolnp Koapl
2020-01,Mlhxolnp Koapl
2020-01,Nlvepleibjd Lftkiw
2020-01,Pwgocqxed Jkwaejmj
2020-01,Rurhx Bpcelax
2020-01,Rurhx Bpcelax
2020-01,Rurhx Bpcelax
2020-01,Sweam Qkdhcp
2020-01,Tmkxpwye Lwwokddxxp
2020-01,Tmkxpwye Lwwokddxxp
2020-01,Umdgovkrfr Jxcyzmvmg
2020-01,Upaojadgce Lgaiyuqjd
2020-01,Vvrxl Hwxpr
2020-01,Vvrxl Hwxpr
2020-01,Xnvnj Djtxmq
2020-01,Xnvnj Djtxmq
2020-01,Xnvnj Djtxmq
2020-01,Ypqwovdzhc Cojrsdxbm
2020-02,Apcoyj Wbbbnha
2020-02,Bradbvqzcre Fqzaqxga
2020-02,Dyicchthd Odbyzyg
2020-02,Dyicchthd Odbyzyg
2020-02,Euubplz Srjrvrjfui
2020-02,Gdbvev Pzprsgywt
2020-02,Gdijqfy Nnwjv
2020-02,Iwekbh Yolrn
2020-02,Kqxoravrgg Gyeyzvsu
2020-02,Lifqetydi Hllvsnpz
2020-02,Lmnlgoczu Nxuyujormja
2020-02,Mfuoohwwinad Wpguhmzgtaa
2020-02,Mlhxolnp Koapl
2020-02,Nlvepleibjd Lftkiw
2020-02,Rnzsqpauz Rrevt
2020-02,Rurhx Bpcelax
2020-02,Rytlwrnfp Ewsdv
2020-02,Rytlwrnfp Ewsdv
2020-02,Sfrnrzqdko Ythobzyqw
2020-02,Sweam Qkdhcp
2020-02,Tkggbbxkj Hkksohczh
2020-02,Tmkxpwye Lwwokddxxp
2020-02,Tmkxpwye Lwwokddxxp
2020-02,Tmkxpwye Lwwokddxxp
2020-02,Umdgovkrfr Jxcyzmvmg
2020-02,Umdgovkrfr Jxcyzmvmg
2020-02,Upaojadgce Lgaiyuqjd
2020-02,Upaojadgce Lgaiyuqjd
2020-02,Vvrxl Hwxpr
2020-02,Vvrxl Hwxpr
2020-02,Wdmcfxazcn Fztqabrbplak
2020-02,Xmctytxqxn Kwqgocdhap
2020-02,Xxubeqtngo Svzwjluzolp
2020-02,Ypqwovdzhc Cojrsdxbm
2020-03,Apcoyj Wbbbnha
2020-03,Dvzsqu Fbdadnhfiroy
2020-03,Euubplz Srjrvrjfui
2020-03,Gdijqfy Nnwjv
2020-03,Gdijqfy Nnwjv
2020-03,Gdijqfy Nnwjv
2020-03,Idrmipx Flnbtcrcrmnh
2020-03,Ijkhxoxr Hxgvngm
2020-03,Iwekbh Yolrn
2020-03,Jfyciconv Lovtomzkqwqo
2020-03,Lvvulsozehup Nqzklexz
2020-03,Lvvulsozehup Nqzklexz
2020-03,Lvvulsozehup Nqzklexz
2020-03,Mfuoohwwinad Wpguhmzgtaa
2020-03,Nlvepleibjd Lftkiw
2020-03,Olsvi Ymfwnhnx
2020-03,Olsvi Ymfwnhnx
2020-03,Pwgocqxed Jkwaejmj
2020-03,Pwgocqxed Jkwaejmj
2020-03,Pybyqouoiq Oacpg
2020-03,Rnzsqpauz Rrevt
2020-03,Rurhx Bpcelax
2020-03,Rytlwrnfp Ewsdv
2020-03,Rytlwrnfp Ewsdv
2020-03,Shauskbx Ydqrrzjmoas
2020-03,Sweam Qkdhcp
2020-03,Tkggbbxkj Hkksohczh
2020-03,Tkggbbxkj Hkksohczh
2020-03,Tmkxpwye Lwwokddxxp
2020-03,Tmkxpwye Lwwokddxxp
2020-03,Tznnfrorkp Bfhxako
2020-03,Umdgovkrfr Jxcyzmvmg
2020-03,Vvrxl Hwxpr
2020-03,Xmctytxqxn Kwqgocdhap
2020-03,Xmctytxqxn Kwqgocdhap
2020-03,Xnvnj Djtxmq
2020-03,Ypqwovdzhc Cojrsdxbm
2020-03,Zykuhdltwju Fkydwba
2020-04,Apcoyj Wbbbnha
2020-04,Apcoyj Wbbbnha
2020-04,Bradbvqzcre Fqzaqxga
2020-04,Ckqaigfiwt Mcxmnn
2020-04,Ckqaigfiwt Mcxmnn
2020-04,Dmutlgmanmec Txkktpnpak
2020-04,Euubplz Srjrvrjfui
2020-04,Iwekbh Yolrn
2020-04,Iwekbh Yolrn
2020-04,Iwekbh Yolrn
2020-04,Lifqetydi Hllvsnpz
2020-04,Lifqetydi Hllvsnpz
2020-04,Mlhxolnp Koapl
2020-04,Mlhxolnp Koapl
2020-04,Nlvepleibjd Lftkiw
2020-04,Olsvi Ymfwnhnx
2020-04,Qqgxxjiusj Blzvwgfgsc
2020-04,Rurhx Bpcelax
2020-04,Rytlwrnfp Ewsdv
2020-04,Sfrnrzqdko Ythobzyqw
2020-04,Shauskbx Ydqrrzjmoas
2020-04,Tmkxpwye Lwwokddxxp
2020-04,Umdgovkrfr Jxcyzmvmg
2020-04,Vvrxl Hwxpr
2020-04,Vvrxl Hwxpr
2020-04,Vvrxl Hwxpr
2020-04,Xnvnj Djtxmq
2020-04,Ypqwovdzhc Cojrsdxbm
2020-04,Ypqwovdzhc Cojrsdxbm
2020-04,Zhdnlhpvk Mexvtm
2020-04,Zmdjptk Asjmdpschelv
2020-04,Zmdjptk Asjmdpschelv
2020-05,Bradbvqzcre Fqzaqxga
2020-05,Ckqaigfiwt Mcxmnn
2020-05,Dvzsqu Fbdadnhfiroy
2020-05,Euubplz Srjrvrjfui
2020-05,Hmikl Fwjreabhglo
2020-05,Hmikl Fwjreabhglo
2020-05,Hmikl Fwjreabhglo
2020-05,Ibymlxtwb Ujczphjvim
2020-05,Idrmipx Flnbtcrcrmnh
2020-05,Iwekbh Yolrn
2020-05,Jfyciconv Lovtomzkqwqo
2020-05,Jfyciconv Lovtomzkqwqo
2020-05,Lifqetydi Hllvsnpz
2020-05,Mfuoohwwinad Wpguhmzgtaa
2020-05,Mlhxolnp Koapl
2020-05,Nlvepleibjd Lftkiw
2020-05,Pwgocqxed Jkwaejmj
2020-05,Pwgocqxed Jkwaejmj
2020-05,Rnzsqpauz Rrevt
2020-05,Rurhx Bpcelax
2020-05,Sweam Qkdhcp
2020-05,Tmkxpwye Lwwokddxxp
2020-05,Tmkxpwye Lwwokddxxp
2020-05,Tznnfrorkp Bfhxako
2020-05,Umdgovkrfr Jxcyzmvmg
2020-05,Umdgovkrfr Jxcyzmvmg
2020-05,Umdgovkrfr Jxcyzmvmg
2020-05,Umdgovkrfr Jxcyzmvmg
2020-05,Upaojadgce Lgaiyuqjd
2020-05,Vbdtjsxqom Offgnm
2020-05,Vwtmbrrzizcd Cbnpmva
2020-05,Xnvnj Djtxmq
2020-06,Bradbvqzcre Fqzaqxga
2020-06,Gdbvev Pzprsgywt
2020-06,Gdijqfy Nnwjv
2020-06,Ibymlxtwb Ujczphjvim
2020-06,Ibymlxtwb Ujczphjvim
2020-06,Ibymlxtwb Ujczphjvim
2020-06,Ibymlxtwb Ujczphjvim
2020-06,Ibymlxtwb Ujczphjvim
2020-06,Idrmipx Flnbtcrcrmnh
2020-06,Idrmipx Flnbtcrcrmnh
2020-06,Iwekbh Yolrn
2020-06,Lmnlgoczu Nxuyujormja
2020-06,Lvvulsozehup Nqzklexz
2020-06,Lxszrfwnzs Zddqhhjrp
2020-06,Mfuoohwwinad Wpguhmzgtaa
2020-06,Mlhxolnp Koapl
2020-06,Nlvepleibjd Lftkiw
2020-06,Nzvhjydej Jphctmvy
2020-06,Pwgocqxed Jkwaejmj
2020-06,Pwgocqxed Jkwaejmj
2020-06,Qqgxxjiusj Blzvwgfgsc
2020-06,Rytlwrnfp Ewsdv
2020-06,Rytlwrnfp Ewsdv
2020-06,Tkggbbxkj Hkksohczh
2020-06,Tznnfrorkp Bfhxako
2020-06,Upaojadgce Lgaiyuqjd
2020-06,Useyezsp Ydjuwth
2020-06,Vvrxl Hwxpr
2020-06,Vvrxl Hwxpr
2020-06,Wdmcfxazcn Fztqabrbplak
2020-06,Xnvnj Djtxmq
2020-07,Bradbvqzcre Fqzaqxga
2020-07,Cwlddyiftgke Rbtufuncm
2020-07,Dyicchthd Odbyzyg
2020-07,Gdbvev Pzprsgywt
2020-07,Hmikl Fwjreabhglo
2020-07,Ibymlxtwb Ujczphjvim
2020-07,Ibymlxtwb Ujczphjvim
2020-07,Jfyciconv Lovtomzkqwqo
2020-07,Jfyciconv Lovtomzkqwqo
2020-07,Lmnlgoczu Nxuyujormja
2020-07,Mpeup Porfdn
2020-07,Nlvepleibjd Lftkiw
2020-07,Nzvhjydej Jphctmvy
2020-07,Nzvhjydej Jphctmvy
2020-07,Pwgocqxed Jkwaejmj
2020-07,Rurhx Bpcelax
2020-07,Rytlwrnfp Ewsdv
2020-07,Shauskbx Ydqrrzjmoas
2020-07,Slnkvtr Eunrfecvy
2020-07,Sweam Qkdhcp
2020-07,Sweam Qkdhcp
2020-07,Tmkxpwye Lwwokddxxp
2020-07,Tmkxpwye Lwwokddxxp
2020-07,Tznnfrorkp Bfhxako
2020-07,Tznnfrorkp Bfhxako
2020-07,Umdgovkrfr Jxcyzmvmg
2020-07,Upaojadgce Lgaiyuqjd
2020-07,Upaojadgce Lgaiyuqjd
2020-07,Vvrxl Hwxpr
2020-07,Xmctytxqxn Kwqgocdhap
2020-07,Xnvnj Djtxmq
2020-07,Xnvnj Djtxmq
2020-07,Xnvnj Djtxmq
2020-07,Xnvnj Djtxmq
2020-07,Xxubeqtngo Svzwjluzolp
2020-07,Ypqwovdzhc Cojrsdxbm
2020-07,Zykuhdltwju Fkydwba
2020-08,Dvzsqu Fbdadnhfiroy
2020-08,Dvzsqu Fbdadnhfiroy
2020-08,Gdijqfy Nnwjv
2020-08,Iwekbh Yolrn
2020-08,Kqxoravrgg Gyeyzvsu
2020-08,Lifqetydi Hllvsnpz
2020-08,Lifqetydi Hllvsnpz
2020-08,Lmnlgoczu Nxuyujormja
2020-08,Lvvulsozehup Nqzklexz
2020-08,Mfuoohwwinad Wpguhmzgtaa
2020-08,Nlvepleibjd Lftkiw
2020-08,Olsvi Ymfwnhnx
2020-08,Pwgocqxed Jkwaejmj
2020-08,Pybyqouoiq Oacpg
2020-08,Rurhx Bpcelax
2020-08,Rurhx Bpcelax
2020-08,Shauskbx Ydqrrzjmoas
2020-08,Slnkvtr Eunrfecvy
2020-08,Sweam Qkdhcp
2020-08,Sweam Qkdhcp
2020-08,Tkggbbxkj Hkksohczh
2020-08,Tmkxpwye Lwwokddxxp
2020-08,Tznnfrorkp Bfhxako
2020-08,Umdgovkrfr Jxcyzmvmg
2020-08,Upaojadgce Lgaiyuqjd
2020-08,Upaojadgce Lgaiyuqjd
2020-08,Useyezsp Ydjuwth
2020-08,Vvrxl Hwxpr
2020-08,Wdmcfxazcn Fztqabrbplak
2020-08,Xnvnj Djtxmq
2020-08,Xpyeer Uirjspn
2020-08,Xxubeqtngo Svzwjluzolp
2020-08,Ypqwovdzhc Cojrsdxbm
2020-08,Ypqwovdzhc Cojrsdxbm
2020-08,Ypqwovdzhc Cojrsdxbm
2020-09,Apcoyj Wbbbnha
2020-09,Bradbvqzcre Fqzaqxga
2020-09,Ckqaigfiwt Mcxmnn
2020-09,Ckqaigfiwt Mcxmnn
2020-09,Ckqaigfiwt Mcxmnn
2020-09,Dmutlgmanmec Txkktpnpak
2020-09,Hmikl Fwjreabhglo
2020-09,Idrmipx Flnbtcrcrmnh
2020-09,Kqxoravrgg Gyeyzvsu
2020-09,Kqxoravrgg Gyeyzvsu
2020-09,Lifqetydi Hllvsnpz
2020-09,Lifqetydi Hllvsnpz
2020-09,Lmnlgoczu Nxuyujormja
2020-09,Lmnlgoczu Nxuyujormja
2020-09,Lvvulsozehup Nqzklexz
2020-09,Lxszrfwnzs Zddqhhjrp
2020-09,Lxszrfwnzs Zddqhhjrp
2020-09,Mfuoohwwinad Wpguhmzgtaa
2020-09,Mlhxolnp Koapl
2020-09,Mlhxolnp Koapl
2020-09,Nlvepleibjd Lftkiw
2020-09,Olsvi Ymfwnhnx
2020-09,Rytlwrnfp Ewsdv
2020-09,Rytlwrnfp Ewsdv
2020-09,Shauskbx Ydqrrzjmoas
2020-09,Tmkxpwye Lwwokddxxp
2020-09,Tmkxpwye Lwwokddxxp
2020-09,Tznnfrorkp Bfhxako
2020-09,Upaojadgce Lgaiyuqjd
2020-09,Upaojadgce Lgaiyuqjd
2020-09,Upaojadgce Lgaiyuqjd
2020-09,Vvrxl Hwxpr
2020-09,Vvrxl Hwxpr
2020-09,Wdmcfxazcn Fztqabrbplak
2020-09,Ypqwovdzhc Cojrsdxbm
2020-09,Ypqwovdzhc Cojrsdxbm
2020-10,Apcoyj Wbbbnha
2020-10,Apcoyj Wbbbnha
2020-10,Apcoyj Wbbbnha
2020-10,Ckqaigfiwt Mcxmnn
2020-10,Ckqaigfiwt Mcxmnn
2020-10,Cwlddyiftgke Rbtufuncm
2020-10,Dvzsqu Fbdadnhfiroy
2020-10,Euubplz Srjrvrjfui
2020-10,Euubplz Srjrvrjfui
2020-10,Gdijqfy Nnwjv
2020-10,Hmikl Fwjreabhglo
2020-10,Idrmipx Flnbtcrcrmnh
2020-10,Ijkhxoxr Hxgvngm
2020-10,Lvvulsozehup Nqzklexz
2020-10,Lvvulsozehup Nqzklexz
2020-10,Mlhxolnp Koapl
2020-10,Nlvepleibjd Lftkiw
2020-10,Nzvhjydej Jphctmvy
2020-10,Olsvi Ymfwnhnx
2020-10,Pwgocqxed Jkwaejmj
2020-10,Pwgocqxed Jkwaejmj
2020-10,Pybyqouoiq Oacpg
2020-10,Rnzsqpauz Rrevt
2020-10,Rurhx Bpcelax
2020-10,Rurhx Bpcelax
2020-10,Rurhx Bpcelax
2020-10,Rurhx Bpcelax
2020-10,Rytlwrnfp Ewsdv
2020-10,Sfrnrzqdko Ythobzyqw
2020-10,Shauskbx Ydqrrzjmoas
2020-10,Sweam Qkdhcp
2020-10,Tkggbbxkj Hkksohczh
2020-10,Wdmcfxazcn Fztqabrbplak
2020-11,Apcoyj Wbbbnha
2020-11,Apcoyj Wbbbnha
2020-11,Bradbvqzcre Fqzaqxga
2020-11,Cwlddyiftgke Rbtufuncm
2020-11,Gdijqfy Nnwjv
2020-11,Ibymlxtwb Ujczphjvim
2020-11,Ibymlxtwb Ujczphjvim
2020-11,Ibymlxtwb Ujczphjvim
2020-11,Idrmipx Flnbtcrcrmnh
2020-11,Ijkhxoxr Hxgvngm
2020-11,Jfyciconv Lovtomzkqwqo
2020-11,Kqxoravrgg Gyeyzvsu
2020-11,Lifqetydi Hllvsnpz
2020-11,Lmnlgoczu Nxuyujormja
2020-11,Lvvulsozehup Nqzklexz
2020-11,Lxszrfwnzs Zddqhhjrp
2020-11,Mlhxolnp Koapl
2020-11,Mlhxolnp Koapl
2020-11,Mlhxolnp Koapl
2020-11,Nlvepleibjd Lftkiw
2020-11,Pybyqouoiq Oacpg
2020-11,Qghemys Zxbbvmidasaz
2020-11,Rnzsqpauz Rrevt
2020-11,Rurhx Bpcelax
2020-11,Shauskbx Ydqrrzjmoas
2020-11,Tmkxpwye Lwwokddxxp
2020-11,Tmkxpwye Lwwokddxxp
2020-11,Umdgovkrfr Jxcyzmvmg
2020-11,Umdgovkrfr Jxcyzmvmg
2020-11,Wdmcfxazcn Fztqabrbplak
2020-11,Xnvnj Djtxmq
2020-11,Ypqwovdzhc Cojrsdxbm
2020-11,Ypqwovdzhc Cojrsdxbm
2020-11,Ypqwovdzhc Cojrsdxbm
2020-12,Apcoyj Wbbbnha
2020-12,Bradbvqzcre Fqzaqxga
2020-12,Bradbvqzcre Fqzaqxga
2020-12,Ckqaigfiwt Mcxmnn
2020-12,Dmutlgmanmec Txkktpnpak
2020-12,Gdijqfy Nnwjv
2020-12,Ijkhxoxr Hxgvngm
2020-12,Jfyciconv Lovtomzkqwqo
2020-12,Lifqetydi Hllvsnpz
2020-12,Lvvulsozehup Nqzklexz
2020-12,Mlhxolnp Koapl
2020-12,Mpeup Porfdn
2020-12,Nlvepleibjd Lftkiw
2020-12,Olsvi Ymfwnhnx
2020-12,Rnzsqpauz Rrevt
2020-12,Rurhx Bpcelax
2020-12,Sfrnrzqdko Ythobzyqw
2020-12,Sweam Qkdhcp
2020-12,Tkggbbxkj Hkksohczh
2020-12,Tkggbbxkj Hkksohczh
2020-12,Tkggbbxkj Hkksohczh
2020-12,Upaojadgce Lgaiyuqjd
2020-12,Vvrxl Hwxpr
2020-12,Wdmcfxazcn Fztqabrbplak
2020-12,Wdmcfxazcn Fztqabrbplak
2020-12,Xnvnj Djtxmq
2020-12,Ypqwovdzhc Cojrsdxbm
2021-01,Bradbvqzcre Fqzaqxga
2021-01,Bradbvqzcre Fqzaqxga
2021-01,Dyicchthd Odbyzyg
2021-01,Euubplz Srjrvrjfui
2021-01,Euubplz Srjrvrjfui
2021-01,Euubplz Srjrvrjfui
2021-01,Euubplz Srjrvrjfui
2021-01,Gdijqfy Nnwjv
2021-01,Ibymlxtwb Ujczphjvim
2021-01,Idrmipx Flnbtcrcrmnh
2021-01,Ijkhxoxr Hxgvngm
2021-01,Ijkhxoxr Hxgvngm
2021-01,Jfyciconv Lovtomzkqwqo
2021-01,Jfyciconv Lovtomzkqwqo
2021-01,Lmnlgoczu Nxuyujormja
2021-01,Lvvulsozehup Nqzklexz
2021-01,Mfuoohwwinad Wpguhmzgtaa
2021-01,Mpeup Porfdn
2021-01,Nlvepleibjd Lftkiw
2021-01,Pybyqouoiq Oacpg
2021-01,Qqgxxjiusj Blzvwgfgsc
2021-01,Qqgxxjiusj Blzvwgfgsc
2021-01,Rurhx Bpcelax
2021-01,Rurhx Bpcelax
2021-01,Sfrnrzqdko Ythobzyqw
2021-01,Shauskbx Ydqrrzjmoas
2021-01,Tkggbbxkj Hkksohczh
2021-01,Tkggbbxkj Hkksohczh
2021-01,Tkggbbxkj Hkksohczh
2021-01,Tmkxpwye Lwwokddxxp
2021-01,Tznnfrorkp Bfhxako
2021-01,Umdgovkrfr Jxcyzmvmg
2021-01,Vvrxl Hwxpr
2021-01,Vvrxl Hwxpr
2021-01,Wdmcfxazcn Fztqabrbplak
2021-01,Xmctytxqxn Kwqgocdhap
2021-01,Xnvnj Djtxmq
2021-01,Xnvnj Djtxmq
2021-01,Xpyeer Uirjspn
2021-01,Xxubeqtngo Svzwjluzolp
2021-02,Bradbvqzcre Fqzaqxga
2021-02,Cwlddyiftgke Rbtufuncm
2021-02,Dvzsqu Fbdadnhfiroy
2021-02,Gdijqfy Nnwjv
2021-02,Ibymlxtwb Ujczphjvim
2021-02,Ibymlxtwb Ujczphjvim
2021-02,Iwekbh Yolrn
2021-02,Kqxoravrgg Gyeyzvsu
2021-02,Lmnlgoczu Nxuyujormja
2021-02,Lvvulsozehup Nqzklexz
2021-02,Lxszrfwnzs Zddqhhjrp
2021-02,Mfuoohwwinad Wpguhmzgtaa
2021-02,Mfuoohwwinad Wpguhmzgtaa
2021-02,Nlvepleibjd Lftkiw
2021-02,Pwgocqxed Jkwaejmj
2021-02,Pwgocqxed Jkwaejmj
2021-02,Pybyqouoiq Oacpg
2021-02,Qqgxxjiusj Blzvwgfgsc
2021-02,Rnzsqpauz Rrevt
2021-02,Rnzsqpauz Rrevt
2021-02,Sfrnrzqdko Ythobzyqw
2021-02,Shauskbx Ydqrrzjmoas
2021-02,Sweam Qkdhcp
2021-02,Sweam Qkdhcp
2021-02,Vvrxl Hwxpr
2021-02,Wdmcfxazcn Fztqabrbplak
2021-02,Xmctytxqxn Kwqgocdhap
2021-02,Xmctytxqxn Kwqgocdhap
2021-02,Xnvnj Djtxmq
2021-02,Zykuhdltwju Fkydwba
2021-03,Apcoyj Wbbbnha
2021-03,Ckqaigfiwt Mcxmnn
2021-03,Dmutlgmanmec Txkktpnpak
2021-03,Euubplz Srjrvrjfui
2021-03,Ibymlxtwb Ujczphjvim
2021-03,Idrmipx Flnbtcrcrmnh
2021-03,Jfyciconv Lovtomzkqwqo
2021-03,Kqxoravrgg Gyeyzvsu
2021-03,Lxszrfwnzs Zddqhhjrp
2021-03,Mfuoohwwinad Wpguhmzgtaa
2021-03,Nlvepleibjd Lftkiw
2021-03,Olsvi Ymfwnhnx
2021-03,Pybyqouoiq Oacpg
2021-03,Qqgxxjiusj Blzvwgfgsc
2021-03,Rytlwrnfp Ewsdv
2021-03,Rytlwrnfp Ewsdv
2021-03,Rytlwrnfp Ewsdv
2021-03,Slnkvtr Eunrfecvy
2021-03,Slnkvtr Eunrfecvy
2021-03,Vvrxl Hwxpr
2021-03,Wdmcfxazcn Fztqabrbplak
2021-03,Xnvnj Djtxmq
2021-03,Xxubeqtngo Svzwjluzolp
2021-03,Ypqwovdzhc Cojrsdxbm
2021-03,Zhdnlhpvk Mexvtm
2021-03,Zhdnlhpvk Mexvtm
2021-03,Zmdjptk Asjmdpschelv
2021-04,Apcoyj Wbbbnha
2021-04,Ckqaigfiwt Mcxmnn
2021-04,Ckqaigfiwt Mcxmnn
2021-04,Dyicchthd Odbyzyg
2021-04,Gdijqfy Nnwjv
2021-04,Idrmipx Flnbtcrcrmnh
2021-04,Idrmipx Flnbtcrcrmnh
2021-04,Idrmipx Flnbtcrcrmnh
2021-04,Jfyciconv Lovtomzkqwqo
2021-04,Lifqetydi Hllvsnpz
2021-04,Lifqetydi Hllvsnpz
2021-04,Lxszrfwnzs Zddqhhjrp
2021-04,Mfuoohwwinad Wpguhmzgtaa
2021-04,Mfuoohwwinad Wpguhmzgtaa
2021-04,Nlvepleibjd Lftkiw
2021-04,Olsvi Ymfwnhnx
2021-04,Pwgocqxed Jkwaejmj
2021-04,Rytlwrnfp Ewsdv
2021-04,Shauskbx Ydqrrzjmoas
2021-04,Shauskbx Ydqrrzjmoas
2021-04,Sweam Qkdhcp
2021-04,Sweam Qkdhcp
2021-04,Sweam Qkdhcp
2021-04,Tkggbbxkj Hkksohczh
2021-04,Tmkxpwye Lwwokddxxp
2021-04,Tmkxpwye Lwwokddxxp
2021-04,Tznnfrorkp Bfhxako
2021-04,Umdgovkrfr Jxcyzmvmg
2021-04,Upaojadgce Lgaiyuqjd
2021-04,Wdmcfxazcn Fztqabrbplak
2021-04,Wdmcfxazcn Fztqabrbplak
2021-04,Xnvnj Djtxmq
2021-04,Ypqwovdzhc Cojrsdxbm
2021-04,Zykuhdltwju Fkydwba
2021-05,Apcoyj Wbbbnha
2021-05,Apcoyj Wbbbnha
2021-05,Bradbvqzcre Fqzaqxga
2021-05,Ckqaigfiwt Mcxmnn
2021-05,Dvzsqu Fbdadnhfiroy
2021-05,Euubplz Srjrvrjfui
2021-05,Euubplz Srjrvrjfui
2021-05,Hmikl Fwjreabhglo
2021-05,Ibymlxtwb Ujczphjvim
2021-05,Idrmipx Flnbtcrcrmnh
2021-05,Ijkhxoxr Hxgvngm
2021-05,Jfyciconv Lovtomzkqwqo
2021-05,Kqxoravrgg Gyeyzvsu
2021-05,Mfuoohwwinad Wpguhmzgtaa
2021-05,Nlvepleibjd Lftkiw
2021-05,Rytlwrnfp Ewsdv
2021-05,Sfrnrzqdko Ythobzyqw
2021-05,Shauskbx Ydqrrzjmoas
2021-05,Sweam Qkdhcp
2021-05,Tkggbbxkj Hkksohczh
2021-05,Tmkxpwye Lwwokddxxp
2021-05,Umdgovkrfr Jxcyzmvmg
2021-05,Vvrxl Hwxpr
2021-05,Wdmcfxazcn Fztqabrbplak
2021-05,Wdmcfxazcn Fztqabrbplak
2021-05,Xmctytxqxn Kwqgocdhap
2021-05,Xmctytxqxn Kwqgocdhap
2021-05,Xnvnj Djtxmq
2021-05,Ypqwovdzhc Cojrsdxbm
2021-05,Ypqwovdzhc Cojrsdxbm
2021-05,Ypqwovdzhc Cojrsdxbm
2021-05,Zhdnlhpvk Mexvtm
2021-05,Zykuhdltwju Fkydwba
2021-06,Apcoyj Wbbbnha
2021-06,Bradbvqzcre Fqzaqxga
2021-06,Ckqaigfiwt Mcxmnn
2021-06,Ckqaigfiwt Mcxmnn
2021-06,Ckqaigfiwt Mcxmnn
2021-06,Cwlddyiftgke Rbtufuncm
2021-06,Cxctyenvqil Khcnnra
2021-06,Euubplz Srjrvrjfui
2021-06,Hmikl Fwjreabhglo
2021-06,Hmikl Fwjreabhglo
2021-06,Ibymlxtwb Ujczphjvim
2021-06,Idrmipx Flnbtcrcrmnh
2021-06,Lmnlgoczu Nxuyujormja
2021-06,Nlvepleibjd Lftkiw
2021-06,Olsvi Ymfwnhnx
2021-06,Pwgocqxed Jkwaejmj
2021-06,Pybyqouoiq Oacpg
2021-06,Rytlwrnfp Ewsdv
2021-06,Sweam Qkdhcp
2021-06,Tkggbbxkj Hkksohczh
2021-06,Tkggbbxkj Hkksohczh
2021-06,Tmkxpwye Lwwokddxxp
2021-06,Tmkxpwye Lwwokddxxp
2021-06,Umdgovkrfr Jxcyzmvmg
2021-06,Wdmcfxazcn Fztqabrbplak
2021-06,Xpyeer Uirjspn
2021-06,Ypqwovdzhc Cojrsdxbm
2021-06,Zykuhdltwju Fkydwba
2021-07,Dvzsqu Fbdadnhfiroy
2021-07,Hmikl Fwjreabhglo
2021-07,Jfyciconv Lovtomzkqwqo
2021-07,Jfyciconv Lovtomzkqwqo
2021-07,Nlvepleibjd Lftkiw
2021-07,Olsvi Ymfwnhnx
2021-07,Pwgocqxed Jkwaejmj
2021-07,Pwgocqxed Jkwaejmj
2021-07,Pybyqouoiq Oacpg
2021-07,Rytlwrnfp Ewsdv
2021-07,Rytlwrnfp Ewsdv
2021-07,Shauskbx Ydqrrzjmoas
2021-07,Shauskbx Ydqrrzjmoas
2021-07,Tmkxpwye Lwwokddxxp
2021-07,Umdgovkrfr Jxcyzmvmg
2021-07,Upaojadgce Lgaiyuqjd
2021-07,Vbdtjsxqom Offgnm
2021-07,Wdmcfxazcn Fztqabrbplak
2021-07,Xnvnj Djtxmq
2021-07,Ypqwovdzhc Cojrsdxbm
2021-07,Zhdnlhpvk Mexvtm
2021-08,Apcoyj Wbbbnha
2021-08,Apcoyj Wbbbnha
2021-08,Bradbvqzcre Fqzaqxga
2021-08,Bradbvqzcre Fqzaqxga
2021-08,Ckqaigfiwt Mcxmnn
2021-08,Dmutlgmanmec Txkktpnpak
2021-08,Gdijqfy Nnwjv
2021-08,Ijkhxoxr Hxgvngm
2021-08,Ijkhxoxr Hxgvngm
2021-08,Lifqetydi Hllvsnpz
2021-08,Lifqetydi Hllvsnpz
2021-08,Lvvulsozehup Nqzklexz
2021-08,Lvvulsozehup Nqzklexz
2021-08,Lvvulsozehup Nqzklexz
2021-08,Lxszrfwnzs Zddqhhjrp
2021-08,Mlhxolnp Koapl
2021-08,Nlvepleibjd Lftkiw
2021-08,Olsvi Ymfwnhnx
2021-08,Pwgocqxed Jkwaejmj
2021-08,Rnzsqpauz Rrevt
2021-08,Shauskbx Ydqrrzjmoas
2021-08,Tkggbbxkj Hkksohczh
2021-08,Vvrxl Hwxpr
2021-08,Vvrxl Hwxpr
2021-08,Ypqwovdzhc Cojrsdxbm
2021-08,Ypqwovdzhc Cojrsdxbm
2021-08,Zhdnlhpvk Mexvtm
2021-08,Zykuhdltwju Fkydwba
2021-09,Bradbvqzcre Fqzaqxga
2021-09,Ckqaigfiwt Mcxmnn
2021-09,Ckqaigfiwt Mcxmnn
2021-09,Dmutlgmanmec Txkktpnpak
2021-09,Hmikl Fwjreabhglo
2021-09,Hmikl Fwjreabhglo
2021-09,Ibymlxtwb Ujczphjvim
2021-09,Ibymlxtwb Ujczphjvim
2021-09,Ijkhxoxr Hxgvngm
2021-09,Iwekbh Yolrn
2021-09,Lifqetydi Hllvsnpz
2021-09,Lvvulsozehup Nqzklexz
2021-09,Lxszrfwnzs Zddqhhjrp
2021-09,Mfuoohwwinad Wpguhmzgtaa
2021-09,Mlhxolnp Koapl
2021-09,Nlvepleibjd Lftkiw
2021-09,Pwgocqxed Jkwaejmj
2021-09,Pybyqouoiq Oacpg
2021-09,Pybyqouoiq Oacpg
2021-09,Rytlwrnfp Ewsdv
2021-09,Rytlwrnfp Ewsdv
2021-09,Rytlwrnfp Ewsdv
2021-09,Shauskbx Ydqrrzjmoas
2021-09,Tkggbbxkj Hkksohczh
2021-09,Tmkxpwye Lwwokddxxp
2021-09,Upaojadgce Lgaiyuqjd
2021-09,Xmctytxqxn Kwqgocdhap
2021-09,Xnvnj Djtxmq
2021-09,Zhdnlhpvk Mexvtm
2021-09,Zmdjptk Asjmdpschelv
2021-10,Apcoyj Wbbbnha
2021-10,Ckqaigfiwt Mcxmnn
2021-10,Ckqaigfiwt Mcxmnn
2021-10,Gdijqfy Nnwjv
2021-10,Gdijqfy Nnwjv
2021-10,Hmikl Fwjreabhglo
2021-10,Hmikl Fwjreabhglo
2021-10,Hmikl Fwjreabhglo
2021-10,Idrmipx Flnbtcrcrmnh
2021-10,Idrmipx Flnbtcrcrmnh
2021-10,Lifqetydi Hllvsnpz
2021-10,Lifqetydi Hllvsnpz
2021-10,Mfuoohwwinad Wpguhmzgtaa
2021-10,Mlhxolnp Koapl
2021-10,Mpeup Porfdn
2021-10,Nlvepleibjd Lftkiw
2021-10,Olsvi Ymfwnhnx
2021-10,Olsvi Ymfwnhnx
2021-10,Olsvi Ymfwnhnx
2021-10,Pybyqouoiq Oacpg
2021-10,Shauskbx Ydqrrzjmoas
2021-10,Sweam Qkdhcp
2021-10,Tkggbbxkj Hkksohczh
2021-10,Tkggbbxkj Hkksohczh
2021-10,Tmkxpwye Lwwokddxxp
2021-10,Umdgovkrfr Jxcyzmvmg
2021-10,Umdgovkrfr Jxcyzmvmg
2021-10,Xmctytxqxn Kwqgocdhap
2021-10,Xmctytxqxn Kwqgocdhap
2021-10,Xnvnj Djtxmq
2021-10,Xpyeer Uirjspn
2021-10,Ypqwovdzhc Cojrsdxbm
2021-11,Apcoyj Wbbbnha
2021-11,Ckqaigfiwt Mcxmnn
2021-11,Ckqaigfiwt Mcxmnn
2021-11,Ckqaigfiwt Mcxmnn
2021-11,Ckqaigfiwt Mcxmnn
2021-11,Cwlddyiftgke Rbtufuncm
2021-11,Euubplz Srjrvrjfui
2021-11,Gdbvev Pzprsgywt
2021-11,Gdbvev Pzprsgywt
2021-11,Hmikl Fwjreabhglo
2021-11,Ibymlxtwb Ujczphjvim
2021-11,Idrmipx Flnbtcrcrmnh
2021-11,Iwekbh Yolrn
2021-11,Jfyciconv Lovtomzkqwqo
2021-11,Kqxoravrgg Gyeyzvsu
2021-11,Kqxoravrgg Gyeyzvsu
2021-11,Kqxoravrgg Gyeyzvsu
2021-11,Lifqetydi Hllvsnpz
2021-11,Lmnlgoczu Nxuyujormja
2021-11,Lvvulsozehup Nqzklexz
2021-11,Lvvulsozehup Nqzklexz
2021-11,Mlhxolnp Koapl
2021-11,Mlhxolnp Koapl
2021-11,Nlvepleibjd Lftkiw
2021-11,Pwgocqxed Jkwaejmj
2021-11,Pybyqouoiq Oacpg
2021-11,Pybyqouoiq Oacpg
2021-11,Rnzsqpauz Rrevt
2021-11,Rurhx Bpcelax
2021-11,Rytlwrnfp Ewsdv
2021-11,Sfrnrzqdko Ythobzyqw
2021-11,Shauskbx Ydqrrzjmoas
2021-11,Slnkvtr Eunrfecvy
2021-11,Tkggbbxkj Hkksohczh
2021-11,Tmkxpwye Lwwokddxxp
2021-11,Umdgovkrfr Jxcyzmvmg
2021-11,Upaojadgce Lgaiyuqjd
2021-11,Upaojadgce Lgaiyuqjd
2021-11,Vvrxl Hwxpr
2021-11,Xnvnj Djtxmq
2021-11,Xnvnj Djtxmq
2021-11,Ypqwovdzhc Cojrsdxbm
2021-11,Zhdnlhpvk Mexvtm
2021-12,Bradbvqzcre Fqzaqxga
2021-12,Dvzsqu Fbdadnhfiroy
2021-12,Dvzsqu Fbdadnhfiroy
2021-12,Dvzsqu Fbdadnhfiroy
2021-12,Dyicchthd Odbyzyg
2021-12,Euubplz Srjrvrjfui
2021-12,Euubplz Srjrvrjfui
2021-12,Ibymlxtwb Ujczphjvim
2021-12,Idrmipx Flnbtcrcrmnh
2021-12,Lvvulsozehup Nqzklexz
2021-12,Lvvulsozehup Nqzklexz
2021-12,Lvvulsozehup Nqzklexz
2021-12,Nlvepleibjd Lftkiw
2021-12,Olsvi Ymfwnhnx
2021-12,Olsvi Ymfwnhnx
2021-12,Olsvi Ymfwnhnx
2021-12,Sfrnrzqdko Ythobzyqw
2021-12,Tkggbbxkj Hkksohczh
2021-12,Tznnfrorkp Bfhxako
2021-12,Upaojadgce Lgaiyuqjd
2021-12,Xmctytxqxn Kwqgocdhap
2021-12,Xnvnj Djtxmq
2021-12,Zykuhdltwju Fkydwba
2022-01,Cwlddyiftgke Rbtufuncm
2022-01,Dvzsqu Fbdadnhfiroy
2022-01,Euubplz Srjrvrjfui
2022-01,Gdbvev Pzprsgywt
2022-01,Gdijqfy Nnwjv
2022-01,Gdijqfy Nnwjv
2022-01,Hmikl Fwjreabhglo
2022-01,Hmikl Fwjreabhglo
2022-01,Lifqetydi Hllvsnpz
2022-01,Lmnlgoczu Nxuyujormja
2022-01,Lmnlgoczu Nxuyujormja
2022-01,Lvvulsozehup Nqzklexz
2022-01,Nlvepleibjd Lftkiw
2022-01,Olsvi Ymfwnhnx
2022-01,Olsvi Ymfwnhnx
2022-01,Pwgocqxed Jkwaejmj
2022-01,Pwgocqxed Jkwaejmj
2022-01,Pwgocqxed Jkwaejmj
2022-01,Pwgocqxed Jkwaejmj
2022-01,Pybyqouoiq Oacpg
2022-01,Pybyqouoiq Oacpg
2022-01,Rytlwrnfp Ewsdv
2022-01,Sfrnrzqdko Ythobzyqw
2022-01,Sfrnrzqdko Ythobzyqw
2022-01,Sweam Qkdhcp
2022-01,Tkggbbxkj Hkksohczh
2022-01,Tznnfrorkp Bfhxako
2022-01,Umdgovkrfr Jxcyzmvmg
2022-01,Upaojadgce Lgaiyuqjd
2022-01,Upaojadgce Lgaiyuqjd
2022-01,Vvrxl Hwxpr
2022-01,Vvrxl Hwxpr
2022-01,Vvrxl Hwxpr
2022-01,Vvrxl Hwxpr
2022-01,Xmctytxqxn Kwqgocdhap
2022-01,Xmctytxqxn Kwqgocdhap
2022-01,Xnvnj Djtxmq
2022-01,Ypqwovdzhc Cojrsdxbm
2022-01,Ypqwovdzhc Cojrsdxbm
2022-02,Bradbvqzcre Fqzaqxga
2022-02,Cxctyenvqil Khcnnra
2022-02,Dvzsqu Fbdadnhfiroy
2022-02,Gdbvev Pzprsgywt
2022-02,Gdijqfy Nnwjv
2022-02,Hmikl Fwjreabhglo
2022-02,Idrmipx Flnbtcrcrmnh
2022-02,Iwekbh Yolrn
2022-02,Jfyciconv Lovtomzkqwqo
2022-02,Kqxoravrgg Gyeyzvsu
2022-02,Kqxoravrgg Gyeyzvsu
2022-02,Lifqetydi Hllvsnpz
2022-02,Lifqetydi Hllvsnpz
2022-02,Lifqetydi Hllvsnpz
2022-02,Lmnlgoczu Nxuyujormja
2022-02,Lvvulsozehup Nqzklexz
2022-02,Lvvulsozehup Nqzklexz
2022-02,Lxszrfwnzs Zddqhhjrp
2022-02,Mlhxolnp Koapl
2022-02,Nlvepleibjd Lftkiw
2022-02,Olsvi Ymfwnhnx
2022-02,Pwgocqxed Jkwaejmj
2022-02,Pwgocqxed Jkwaejmj
2022-02,Pwgocqxed Jkwaejmj
2022-02,Rnzsqpauz Rrevt
2022-02,Rytlwrnfp Ewsdv
2022-02,Rytlwrnfp Ewsdv
2022-02,Rytlwrnfp Ewsdv
2022-02,Tkggbbxkj Hkksohczh
2022-02,Tkggbbxkj Hkksohczh
2022-02,Tkggbbxkj Hkksohczh
2022-02,Tmkxpwye Lwwokddxxp
2022-02,Tmkxpwye Lwwokddxxp
2022-02,Tznnfrorkp Bfhxako
2022-02,Umdgovkrfr Jxcyzmvmg
2022-02,Vvrxl Hwxpr
2022-02,Vvrxl Hwxpr
2022-02,Vvrxl Hwxpr
2022-02,Vwtmbrrzizcd Cbnpmva
2022-02,Zykuhdltwju Fkydwba
2022-03,Apcoyj Wbbbnha
2022-03,Bradbvqzcre Fqzaqxga
2022-03,Ckqaigfiwt Mcxmnn
2022-03,Cwlddyiftgke Rbtufuncm
2022-03,Dmutlgmanmec Txkktpnpak
2022-03,Dvzsqu Fbdadnhfiroy
2022-03,Euubplz Srjrvrjfui
2022-03,Hmikl Fwjreabhglo
2022-03,Iwekbh Yolrn
2022-03,Lmnlgoczu Nxuyujormja
2022-03,Lmnlgoczu Nxuyujormja
2022-03,Mfuoohwwinad Wpguhmzgtaa
2022-03,Mlhxolnp Koapl
2022-03,Nlvepleibjd Lftkiw
2022-03,Olsvi Ymfwnhnx
2022-03,Pwgocqxed Jkwaejmj
2022-03,Pwgocqxed Jkwaejmj
2022-03,Qqgxxjiusj Blzvwgfgsc
2022-03,Rurhx Bpcelax
2022-03,Rurhx Bpcelax
2022-03,Rytlwrnfp Ewsdv
2022-03,Rytlwrnfp Ewsdv
2022-03,Rytlwrnfp Ewsdv
2022-03,Rytlwrnfp Ewsdv
2022-03,Sfrnrzqdko Ythobzyqw
2022-03,Shauskbx Ydqrrzjmoas
2022-03,Upaojadgce Lgaiyuqjd
2022-03,Vvrxl Hwxpr
2022-03,Xmctytxqxn Kwqgocdhap
2022-03,Xnvnj Djtxmq
2022-03,Xnvnj Djtxmq
2022-03,Xpyeer Uirjspn
2022-03,Xxubeqtngo Svzwjluzolp
2022-03,Ypqwovdzhc Cojrsdxbm
2022-03,Ypqwovdzhc Cojrsdxbm
2022-03,Zhdnlhpvk Mexvtm
2022-04,Apcoyj Wbbbnha
2022-04,Ckqaigfiwt Mcxmnn
2022-04,Dvzsqu Fbdadnhfiroy
2022-04,Dvzsqu Fbdadnhfiroy
2022-04,Dvzsqu Fbdadnhfiroy
2022-04,Hmikl Fwjreabhglo
2022-04,Ibymlxtwb Ujczphjvim
2022-04,Ibymlxtwb Ujczphjvim
2022-04,Kqxoravrgg Gyeyzvsu
2022-04,Lmnlgoczu Nxuyujormja
2022-04,Nlvepleibjd Lftkiw
2022-04,Nzvhjydej Jphctmvy
2022-04,Olsvi Ymfwnhnx
2022-04,Qqgxxjiusj Blzvwgfgsc
2022-04,Qqgxxjiusj Blzvwgfgsc
2022-04,Rytlwrnfp Ewsdv
2022-04,Sfrnrzqdko Ythobzyqw
2022-04,Tkggbbxkj Hkksohczh
2022-04,Tmkxpwye Lwwokddxxp
2022-04,Tmkxpwye Lwwokddxxp
2022-04,Tmkxpwye Lwwokddxxp
2022-04,Tmkxpwye Lwwokddxxp
2022-04,Umdgovkrfr Jxcyzmvmg
2022-04,Umdgovkrfr Jxcyzmvmg
2022-04,Upaojadgce Lgaiyuqjd
2022-04,Vvrxl Hwxpr
2022-04,Xnvnj Djtxmq
2022-04,Xnvnj Djtxmq
2022-04,Zykuhdltwju Fkydwba
2022-05,Cgouyefmnlk Nfsayk
2022-05,Ckqaigfiwt Mcxmnn
2022-05,Ckqaigfiwt Mcxmnn
2022-05,Ckqaigfiwt Mcxmnn
2022-05,Ckqaigfiwt Mcxmnn
2022-05,Cxctyenvqil Khcnnra
2022-05,Dmutlgmanmec Txkktpnpak
2022-05,Euubplz Srjrvrjfui
2022-05,Euubplz Srjrvrjfui
2022-05,Gdijqfy Nnwjv
2022-05,Hmikl Fwjreabhglo
2022-05,Ibymlxtwb Ujczphjvim
2022-05,Idrmipx Flnbtcrcrmnh
2022-05,Jfyciconv Lovtomzkqwqo
2022-05,Jfyciconv Lovtomzkqwqo
2022-05,Nlvepleibjd Lftkiw
2022-05,Nzvhjydej Jphctmvy
2022-05,Pwgocqxed Jkwaejmj
2022-05,Pwgocqxed Jkwaejmj
2022-05,Pwgocqxed Jkwaejmj
2022-05,Pybyqouoiq Oacpg
2022-05,Pybyqouoiq Oacpg
2022-05,Pybyqouoiq Oacpg
2022-05,Rytlwrnfp Ewsdv
2022-05,Sweam Qkdhcp
2022-05,Tznnfrorkp Bfhxako
2022-05,Tznnfrorkp Bfhxako
2022-05,Umdgovkrfr Jxcyzmvmg
2022-05,Umdgovkrfr Jxcyzmvmg
2022-05,Umdgovkrfr Jxcyzmvmg
2022-05,Upaojadgce Lgaiyuqjd
2022-05,Useyezsp Ydjuwth
2022-05,Vwtmbrrzizcd Cbnpmva
2022-05,Wdmcfxazcn Fztqabrbplak
2022-05,Xnvnj Djtxmq
2022-05,Zlaoildkpav Tgyuglkq
2022-05,Zmdjptk Asjmdpschelv
2022-05,Zykuhdltwju Fkydwba
2022-06,Ckqaigfiwt Mcxmnn
2022-06,Ckqaigfiwt Mcxmnn
2022-06,Dvzsqu Fbdadnhfiroy
2022-06,Euubplz Srjrvrjfui
2022-06,Euubplz Srjrvrjfui
2022-06,Gdijqfy Nnwjv
2022-06,Ijkhxoxr Hxgvngm
2022-06,Iwekbh Yolrn
2022-06,Jfyciconv Lovtomzkqwqo
2022-06,Lifqetydi Hllvsnpz
2022-06,Lmnlgoczu Nxuyujormja
2022-06,Lmnlgoczu Nxuyujormja
2022-06,Lvvulsozehup Nqzklexz
2022-06,Mfuoohwwinad Wpguhmzgtaa
2022-06,Mlhxolnp Koapl
2022-06,Nlvepleibjd Lftkiw
2022-06,Olsvi Ymfwnhnx
2022-06,Olsvi Ymfwnhnx
2022-06,Pybyqouoiq Oacpg
2022-06,Rnzsqpauz Rrevt
2022-06,Rurhx Bpcelax
2022-06,Rurhx Bpcelax
2022-06,Sweam Qkdhcp
2022-06,Tkggbbxkj Hkksohczh
2022-06,Tmkxpwye Lwwokddxxp
2022-06,Tmkxpwye Lwwokddxxp
2022-06,Umdgovkrfr Jxcyzmvmg
2022-06,Upaojadgce Lgaiyuqjd
2022-06,Upaojadgce Lgaiyuqjd
2022-06,Vvrxl Hwxpr
2022-06,Wdmcfxazcn Fztqabrbplak
2022-06,Xnvnj Djtxmq
2022-06,Xnvnj Djtxmq
2022-06,Ypqwovdzhc Cojrsdxbm
2022-06,Ypqwovdzhc Cojrsdxbm
2022-06,Zmdjptk Asjmdpschelv
2022-07,Apcoyj Wbbbnha
2022-07,Apcoyj Wbbbnha
2022-07,Apcoyj Wbbbnha
2022-07,Cxctyenvqil Khcnnra
2022-07,Cxctyenvqil Khcnnra
2022-07,Euubplz Srjrvrjfui
2022-07,Hmikl Fwjreabhglo
2022-07,Kqxoravrgg Gyeyzvsu
2022-07,Kqxoravrgg Gyeyzvsu
2022-07,Lifqetydi Hllvsnpz
2022-07,Lmnlgoczu Nxuyujormja
2022-07,Nlvepleibjd Lftkiw
2022-07,Nzvhjydej Jphctmvy
2022-07,Olsvi Ymfwnhnx
2022-07,Pwgocqxed Jkwaejmj
2022-07,Pybyqouoiq Oacpg
2022-07,Rnzsqpauz Rrevt
2022-07,Rytlwrnfp Ewsdv
2022-07,Rytlwrnfp Ewsdv
2022-07,Rytlwrnfp Ewsdv
2022-07,Sfrnrzqdko Ythobzyqw
2022-07,Shauskbx Ydqrrzjmoas
2022-07,Slnkvtr Eunrfecvy
2022-07,Tmkxpwye Lwwokddxxp
2022-07,Umdgovkrfr Jxcyzmvmg
2022-07,Upaojadgce Lgaiyuqjd
2022-07,Upaojadgce Lgaiyuqjd
2022-07,Vvrxl Hwxpr
2022-07,Xnvnj Djtxmq
2022-07,Xpyeer Uirjspn
2022-07,Xxubeqtngo Svzwjluzolp
2022-07,Ypqwovdzhc Cojrsdxbm
2022-07,Zhdnlhpvk Mexvtm
2022-07,Zmdjptk Asjmdpschelv
2022-08,Apcoyj Wbbbnha
2022-08,Bradbvqzcre Fqzaqxga
2022-08,Ckqaigfiwt Mcxmnn
2022-08,Dyicchthd Odbyzyg
2022-08,Euubplz Srjrvrjfui
2022-08,Gdbvev Pzprsgywt
2022-08,Gdijqfy Nnwjv
2022-08,Ibymlxtwb Ujczphjvim
2022-08,Ibymlxtwb Ujczphjvim
2022-08,Jfyciconv Lovtomzkqwqo
2022-08,Jfyciconv Lovtomzkqwqo
2022-08,Lifqetydi Hllvsnpz
2022-08,Lmnlgoczu Nxuyujormja
2022-08,Lmnlgoczu Nxuyujormja
2022-08,Lvvulsozehup Nqzklexz
2022-08,Mfuoohwwinad Wpguhmzgtaa
2022-08,Mfuoohwwinad Wpguhmzgtaa
2022-08,Mlhxolnp Koapl
2022-08,Nlvepleibjd Lftkiw
2022-08,Rnzsqpauz Rrevt
2022-08,Rnzsqpauz Rrevt
2022-08,Rurhx Bpcelax
2022-08,Rytlwrnfp Ewsdv
2022-08,Sfrnrzqdko Ythobzyqw
2022-08,Shauskbx Ydqrrzjmoas
2022-08,Slnkvtr Eunrfecvy
2022-08,Sweam Qkdhcp
2022-08,Sweam Qkdhcp
2022-08,Sweam Qkdhcp
2022-08,Tkggbbxkj Hkksohczh
2022-08,Tkggbbxkj Hkksohczh
2022-08,Tkggbbxkj Hkksohczh
2022-08,Umdgovkrfr Jxcyzmvmg
2022-08,Upaojadgce Lgaiyuqjd
2022-08,Vvrxl Hwxpr
2022-08,Xmctytxqxn Kwqgocdhap
2022-08,Xmctytxqxn Kwqgocdhap
2022-08,Xnvnj Djtxmq
2022-08,Zhdnlhpvk Mexvtm
2022-09,Bradbvqzcre Fqzaqxga
2022-09,Hmikl Fwjreabhglo
2022-09,Jfyciconv Lovtomzkqwqo
2022-09,Kqxoravrgg Gyeyzvsu
2022-09,Lifqetydi Hllvsnpz
2022-09,Lmnlgoczu Nxuyujormja
2022-09,Lmnlgoczu Nxuyujormja
2022-09,Lmnlgoczu Nxuyujormja
2022-09,Lvvulsozehup Nqzklexz
2022-09,Mfuoohwwinad Wpguhmzgtaa
2022-09,Nlvepleibjd Lftkiw
2022-09,Pybyqouoiq Oacpg
2022-09,Pybyqouoiq Oacpg
2022-09,Rnzsqpauz Rrevt
2022-09,Sweam Qkdhcp
2022-09,Tznnfrorkp Bfhxako
2022-09,Tznnfrorkp Bfhxako
2022-09,Umdgovkrfr Jxcyzmvmg
2022-09,Useyezsp Ydjuwth
2022-09,Vvrxl Hwxpr
2022-09,Zhdnlhpvk Mexvtm
2022-09,Zhdnlhpvk Mexvtm
2022-10,Apcoyj Wbbbnha
2022-10,Bradbvqzcre Fqzaqxga
2022-10,Cgouyefmnlk Nfsayk
2022-10,Ckqaigfiwt Mcxmnn
2022-10,Dmutlgmanmec Txkktpnpak
2022-10,Dyicchthd Odbyzyg
2022-10,Euubplz Srjrvrjfui
2022-10,Euubplz Srjrvrjfui
2022-10,Idrmipx Flnbtcrcrmnh
2022-10,Idrmipx Flnbtcrcrmnh
2022-10,Ijkhxoxr Hxgvngm
2022-10,Kqxoravrgg Gyeyzvsu
2022-10,Lvvulsozehup Nqzklexz
2022-10,Mlhxolnp Koapl
2022-10,Nlvepleibjd Lftkiw
2022-10,Pwgocqxed Jkwaejmj
2022-10,Pwgocqxed Jkwaejmj
2022-10,Pwgocqxed Jkwaejmj
2022-10,Pybyqouoiq Oacpg
2022-10,Rurhx Bpcelax
2022-10,Rytlwrnfp Ewsdv
2022-10,Sfrnrzqdko Ythobzyqw
2022-10,Shauskbx Ydqrrzjmoas
2022-10,Tkggbbxkj Hkksohczh
2022-10,Umdgovkrfr Jxcyzmvmg
2022-10,Umdgovkrfr Jxcyzmvmg
2022-10,Upaojadgce Lgaiyuqjd
2022-10,Upaojadgce Lgaiyuqjd
2022-10,Upaojadgce Lgaiyuqjd
2022-10,Xnvnj Djtxmq
2022-10,Xnvnj Djtxmq
2022-10,Zhdnlhpvk Mexvtm
2022-11,Apcoyj Wbbbnha
2022-11,Apcoyj Wbbbnha
2022-11,Apcoyj Wbbbnha
2022-11,Ckqaigfiwt Mcxmnn
2022-11,Cxctyenvqil Khcnnra
2022-11,Dvzsqu Fbdadnhfiroy
2022-11,Hmikl Fwjreabhglo
2022-11,Ijkhxoxr Hxgvngm
2022-11,Jfyciconv Lovtomzkqwqo
2022-11,Lifqetydi Hllvsnpz
2022-11,Lifqetydi Hllvsnpz
2022-11,Lmnlgoczu Nxuyujormja
2022-11,Lmnlgoczu Nxuyujormja
2022-11,Mlhxolnp Koapl
2022-11,Mlhxolnp Koapl
2022-11,Nlvepleibjd Lftkiw
2022-11,Olsvi Ymfwnhnx
2022-11,Pwgocqxed Jkwaejmj
2022-11,Pwgocqxed Jkwaejmj
2022-11,Pybyqouoiq Oacpg
2022-11,Qqgxxjiusj Blzvwgfgsc
2022-11,Rnzsqpauz Rrevt
2022-11,Rytlwrnfp Ewsdv
2022-11,Rytlwrnfp Ewsdv
2022-11,Sfrnrzqdko Ythobzyqw
2022-11,Sfrnrzqdko Ythobzyqw
2022-11,Slnkvtr Eunrfecvy
2022-11,Slnkvtr Eunrfecvy
2022-11,Tmkxpwye Lwwokddxxp
2022-11,Umdgovkrfr Jxcyzmvmg
2022-11,Umdgovkrfr Jxcyzmvmg
2022-11,Vvrxl Hwxpr
2022-11,Xmctytxqxn Kwqgocdhap
2022-11,Xmctytxqxn Kwqgocdhap
2022-11,Xmctytxqxn Kwqgocdhap
2022-11,Xnvnj Djtxmq
2022-11,Xnvnj Djtxmq
2022-11,Ypqwovdzhc Cojrsdxbm
2022-11,Ypqwovdzhc Cojrsdxbm
2022-11,Ypqwovdzhc Cojrsdxbm
2022-12,Bradbvqzcre Fqzaqxga
2022-12,Ckqaigfiwt Mcxmnn
2022-12,Cxctyenvqil Khcnnra
2022-12,Dvzsqu Fbdadnhfiroy
2022-12,Euubplz Srjrvrjfui
2022-12,Gdijqfy Nnwjv
2022-12,Gdijqfy Nnwjv
2022-12,Gdijqfy Nnwjv
2022-12,Gdijqfy Nnwjv
2022-12,Hmikl Fwjreabhglo
2022-12,Idrmipx Flnbtcrcrmnh
2022-12,Ijkhxoxr Hxgvngm
2022-12,Jfyciconv Lovtomzkqwqo
2022-12,Lifqetydi Hllvsnpz
2022-12,Lvvulsozehup Nqzklexz
2022-12,Lxszrfwnzs Zddqhhjrp
2022-12,Mlhxolnp Koapl
2022-12,Nlvepleibjd Lftkiw
2022-12,Olsvi Ymfwnhnx
2022-12,Pwgocqxed Jkwaejmj
2022-12,Rnzsqpauz Rrevt
2022-12,Rnzsqpauz Rrevt
2022-12,Rurhx Bpcelax
2022-12,Sfrnrzqdko Ythobzyqw
2022-12,Sfrnrzqdko Ythobzyqw
2022-12,Shauskbx Ydqrrzjmoas
2022-12,Shauskbx Ydqrrzjmoas
2022-12,Slnkvtr Eunrfecvy
2022-12,Sweam Qkdhcp
2022-12,Tkggbbxkj Hkksohczh
2022-12,Vvrxl Hwxpr
2022-12,Wdmcfxazcn Fztqabrbplak
2022-12,Xmctytxqxn Kwqgocdhap
2022-12,Xxubeqtngo Svzwjluzolp
2022-12,Xxubeqtngo Svzwjluzolp
2022-12,Zmdjptk Asjmdpschelv
2023-01,Apcoyj Wbbbnha
2023-01,Apcoyj Wbbbnha
2023-01,Apcoyj Wbbbnha
2023-01,Cwlddyiftgke Rbtufuncm
2023-01,Euubplz Srjrvrjfui
2023-01,Gdbvev Pzprsgywt
2023-01,Gdijqfy Nnwjv
2023-01,Gdijqfy Nnwjv
2023-01,Iwekbh Yolrn
2023-01,Jfyciconv Lovtomzkqwqo
2023-01,Jfyciconv Lovtomzkqwqo
2023-01,Lmnlgoczu Nxuyujormja
2023-01,Lmnlgoczu Nxuyujormja
2023-01,Lvvulsozehup Nqzklexz
2023-01,Lvvulsozehup Nqzklexz
2023-01,Nlvepleibjd Lftkiw
2023-01,Olsvi Ymfwnhnx
2023-01,Olsvi Ymfwnhnx
2023-01,Olsvi Ymfwnhnx
2023-01,Tkggbbxkj Hkksohczh
2023-01,Tkggbbxkj Hkksohczh
2023-01,Umdgovkrfr Jxcyzmvmg
2023-01,Upaojadgce Lgaiyuqjd
2023-01,Upaojadgce Lgaiyuqjd
2023-01,Upaojadgce Lgaiyuqjd
2023-01,Vvrxl Hwxpr
2023-01,Wdmcfxazcn Fztqabrbplak
2023-01,Xpyeer Uirjspn
2023-01,Xpyeer Uirjspn
2023-01,Ypqwovdzhc Cojrsdxbm
2023-02,Apcoyj Wbbbnha
2023-02,Bradbvqzcre Fqzaqxga
2023-02,Cgouyefmnlk Nfsayk
2023-02,Cxctyenvqil Khcnnra
2023-02,Dmutlgmanmec Txkktpnpak
2023-02,Hmikl Fwjreabhglo
2023-02,Hmikl Fwjreabhglo
2023-02,Idrmipx Flnbtcrcrmnh
2023-02,Lmnlgoczu Nxuyujormja
2023-02,Lvvulsozehup Nqzklexz
2023-02,Lvvulsozehup Nqzklexz
2023-02,Lvvulsozehup Nqzklexz
2023-02,Lvvulsozehup Nqzklexz
2023-02,Lvvulsozehup Nqzklexz
2023-02,Lxszrfwnzs Zddqhhjrp
2023-02,Mfuoohwwinad Wpguhmzgtaa
2023-02,Mfuoohwwinad Wpguhmzgtaa
2023-02,Nlvepleibjd Lftkiw
2023-02,Pybyqouoiq Oacpg
2023-02,Pybyqouoiq Oacpg
2023-02,Rnzsqpauz Rrevt
2023-02,Sfrnrzqdko Ythobzyqw
2023-02,Sweam Qkdhcp
2023-02,Sweam Qkdhcp
2023-02,Tmkxpwye Lwwokddxxp
2023-02,Tmkxpwye Lwwokddxxp
2023-02,Vvrxl Hwxpr
2023-02,Xmctytxqxn Kwqgocdhap
2023-02,Xpyeer Uirjspn
2023-02,Zmdjptk Asjmdpschelv
2023-02,Zykuhdltwju Fkydwba
2023-03,Nlvepleibjd Lftkiw
2023-04,Nlvepleibjd Lftkiw
