2020-09,Aaikt Ysafilc
2020-09,Bemivwifyww Vfonytq
2020-09,Chpemzzjk Ljbff
2020-09,Chvexgfocnop Wcdbadnopjqp
2020-09,Cresuscyyp Zxpsqj
2020-09,Dgiytk Slvdlk
2020-09,Dngmff Unuybfg
2020-09,Efumlayca Yliauoxnkmhe
2020-09,Gaaaavcyf Eyrpgwza
2020-09,Gbnqyvelgbqo Qxnexmvqtc
2020-09,Gllcn Ysxjpftmqmmp
2020-09,Islehcozrub Hbbocgzmc
2020-09,Jmidw Atdsxhctq
2020-09,Kebpvzgs Xoeyh
2020-09,Lsdkgkdmkp Pvvvc
2020-09,Lsdkgkdmkp Pvvvc
2020-09,Nhkpulc Khaaujcepnoj
2020-09,Nrnapecdcalu Syuoljjb
2020-09,Okryrbsnw Znortjc
2020-09,Owwofoy Drfdlowv
2020-09,Rrdldaeb Cxfqvcke
2020-09,Tmjkmjiqu Qyuqi
2020-09,Uftrnil Hwormixtlubs
2020-09,Vlrnc Jkbcedhdvsv
2020-09,Vqeimfzb Xawzxkevafkr
2020-09,Vutkxk Djvkouopvxba
2020-09,Xmvzku Rtkqvprmeauj
2020-09,Zlgiwqx Isannta
2020-10,Aaikt Ysafilc
2020-10,Awnbvgydygyq Fnekhne
2020-10,Bemivwifyww Vfonytq
2020-10,Chpemzzjk Ljbff
2020-10,Chpemzzjk Ljbff
2020-10,Chpemzzjk Ljbff
2020-10,Cresuscyyp Zxpsqj
2020-10,Dkxdnebbd Kllcrl
2020-10,Dkxdnebbd Kllcrl
2020-10,Dkxdnebbd Kllcrl
2020-10,Dngmff Unuybfg
2020-10,Efumlayca Yliauoxnkmhe
2020-10,Gaaaavcyf Eyrpgwza
2020-10,Gbnqyvelgbqo Qxnexmvqtc
2020-10,Gllcn Ysxjpftmqmmp
2020-10,Hzljwqrmkal Iejqnjdncbe
2020-10,Islehcozrub Hbbocgzmc
2020-10,Islehcozrub Hbbocgzmc
2020-10,Jmidw Atdsxhctq
2020-10,Kebpvzgs Xoeyh
2020-10,Nhkpulc Khaaujcepnoj
2020-10,Nrnapecdcalu Syuoljjb
2020-10,Okooph Ysktzzodpts
2020-10,Okryrbsnw Znortjc
2020-10,Owwofoy Drfdlowv
2020-10,Rrdldaeb Cxfqvcke
2020-10,Tmjkmjiqu Qyuqi
2020-10,Uftrnil Hwormixtlubs
2020-10,Vlrnc Jkbcedhdvsv
2020-10,Vqeimfzb Xawzxkevafkr
2020-10,Vutkxk Djvkouopvxba
2020-10,Xmvzku Rtkqvprmeauj
2020-10,Zlgiwqx Isannta
2020-11,Aaikt Ysafilc
2020-11,Awnbvgydygyq Fnekhne
2020-11,Bemivwifyww Vfonytq
2020-11,Cresuscyyp Zxpsqj
2020-11,Diorrnws Bvzuukok
2020-11,Dkxdnebbd Kllcrl
2020-11,Dngmff Unuybfg
2020-11,Efumlayca Yliauoxnkmhe
2020-11,Gaaaavcyf Eyrpgwza
2020-11,Gbnqyvelgbqo Qxnexmvqtc
2020-11,Gllcn Ysxjpftmqmmp
2020-11,Islehcozrub Hbbocgzmc
2020-11,Jmidw Atdsxhctq
2020-11,Kebpvzgs Xoeyh
2020-11,Nhkpulc Khaaujcepnoj
2020-11,Nrnapecdcalu Syuoljjb
2020-11,Okryrbsnw Znortjc
2020-11,Owwofoy Drfdlowv
2020-11,Rrdldaeb Cxfqvcke
2020-11,Tmjkmjiqu Qyuqi
2020-11,Uftrnil Hwormixtlubs
2020-11,Vlrnc Jkbcedhdvsv
2020-11,Vqeimfzb Xawzxkevafkr
2020-11,Vutkxk Djvkouopvxba
2020-11,Xmvzku Rtkqvprmeauj
2020-12,Aaikt Ysafilc
2020-12,Awnbvgydygyq Fnekhne
2020-12,Bemivwifyww Vfonytq
2020-12,Chvexgfocnop Wcdbadnopjqp
2020-12,Chvexgfocnop Wcdbadnopjqp
2020-12,Chvexgfocnop Wcdbadnopjqp
2020-12,Cresuscyyp Zxpsqj
2020-12,Dgiytk Slvdlk
2020-12,Dkxdnebbd Kllcrl
2020-12,Dngmff Unuybfg
2020-12,Efumlayca Yliauoxnkmhe
2020-12,Gaaaavcyf Eyrpgwza
2020-12,Gbnqyvelgbqo Qxnexmvqtc
2020-12,Gllcn Ysxjpftmqmmp
2020-12,Islehcozrub Hbbocgzmc
2020-12,Jmidw Atdsxhctq
2020-12,Kebpvzgs Xoeyh
2020-12,Lsdkgkdmkp Pvvvc
2020-12,Lsdkgkdmkp Pvvvc
2020-12,Nhkpulc Khaaujcepnoj
2020-12,Nrnapecdcalu Syuoljjb
2020-12,Okryrbsnw Znortjc
2020-12,Owwofoy Drfdlowv
2020-12,Rrdldaeb Cxfqvcke
2020-12,Tmjkmjiqu Qyuqi
2020-12,Uftrnil Hwormixtlubs
2020-12,Vlrnc Jkbcedhdvsv
2020-12,Vqeimfzb Xawzxkevafkr
2020-12,Vutkxk Djvkouopvxba
2020-12,Xmvzku Rtkqvprmeauj
2021-01,Aaikt Ysafilc
2021-01,Awnbvgydygyq Fnekhne
2021-01,Awnbvgydygyq Fnekhne
2021-01,Awnbvgydygyq Fnekhne
2021-01,Bemivwifyww Vfonytq
2021-01,Chpemzzjk Ljbff
2021-01,Chvexgfocnop Wcdbadnopjqp
2021-01,Chvexgfocnop Wcdbadnopjqp
2021-01,Chvexgfocnop Wcdbadnopjqp
2021-01,Cresuscyyp Zxpsqj
2021-01,Dgiytk Slvdlk
2021-01,Diorrnws Bvzuukok
2021-01,Diorrnws Bvzuukok
2021-01,Dkxdnebbd Kllcrl
2021-01,Dngmff Unuybfg
2021-01,Efumlayca Yliauoxnkmhe
2021-01,Gaaaavcyf Eyrpgwza
2021-01,Gbnqyvelgbqo Qxnexmvqtc
2021-01,Gllcn Ysxjpftmqmmp
2021-01,Jmidw Atdsxhctq
2021-01,Kebpvzgs Xoeyh
2021-01,Lsdkgkdmkp Pvvvc
2021-01,Nhkpulc Khaaujcepnoj
2021-01,Nrnapecdcalu Syuoljjb
2021-01,Okryrbsnw Znortjc
2021-01,Owwofoy Drfdlowv
2021-01,Rrdldaeb Cxfqvcke
2021-01,Tmjkmjiqu Qyuqi
2021-01,Uftrnil Hwormixtlubs
2021-01,Vlrnc Jkbcedhdvsv
2021-01,Vqeimfzb Xawzxkevafkr
2021-01,Vutkxk Djvkouopvxba
2021-01,Xmvzku Rtkqvprmeauj
2021-02,Aaikt Ysafilc
2021-02,Awnbvgydygyq Fnekhne
2021-02,Bemivwifyww Vfonytq
2021-02,Chvexgfocnop Wcdbadnopjqp
2021-02,Cresuscyyp Zxpsqj
2021-02,Diorrnws Bvzuukok
2021-02,Dngmff Unuybfg
2021-02,Efumlayca Yliauoxnkmhe
2021-02,Gaaaavcyf Eyrpgwza
2021-02,Gbnqyvelgbqo Qxnexmvqtc
2021-02,Gllcn Ysxjpftmqmmp
2021-02,Islehcozrub Hbbocgzmc
2021-02,Jmidw Atdsxhctq
2021-02,Kebpvzgs Xoeyh
2021-02,Lsdkgkdmkp Pvvvc
2021-02,Lsdkgkdmkp Pvvvc
2021-02,Nhkpulc Khaaujcepnoj
2021-02,Nrnapecdcalu Syuoljjb
2021-02,Okryrbsnw Znortjc
2021-02,Owwofoy Drfdlowv
2021-02,Rrdldaeb Cxfqvcke
2021-02,Tmjkmjiqu Qyuqi
2021-02,Uftrnil Hwormixtlubs
2021-02,Vlrnc Jkbcedhdvsv
2021-02,Vqeimfzb Xawzxkevafkr
2021-02,Vutkxk Djvkouopvxba
2021-02,Xmvzku Rtkqvprmeauj
2021-02,Zlgiwqx Isannta
2021-02,Zlgiwqx Isannta
2021-03,Aaikt Ysafilc
2021-03,Bemivwifyww Vfonytq
2021-03,Cresuscyyp Zxpsqj
2021-03,Diorrnws Bvzuukok
2021-03,Dkxdnebbd Kllcrl
2021-03,Dngmff Unuybfg
2021-03,Efumlayca Yliauoxnkmhe
2021-03,Gaaaavcyf Eyrpgwza
2021-03,Gbnqyvelgbqo Qxnexmvqtc
2021-03,Gllcn Ysxjpftmqmmp
2021-03,Hzljwqrmkal Iejqnjdncbe
2021-03,Hzljwqrmkal Iejqnjdncbe
2021-03,Islehcozrub Hbbocgzmc
2021-03,Jmidw Atdsxhctq
2021-03,Kebpvzgs Xoeyh
2021-03,Nhkpulc Khaaujcepnoj
2021-03,Nrnapecdcalu Syuoljjb
2021-03,Okryrbsnw Znortjc
2021-03,Owwofoy Drfdlowv
2021-03,Rrdldaeb Cxfqvcke
2021-03,Tmjkmjiqu Qyuqi
2021-03,Uftrnil Hwormixtlubs
2021-03,Vlrnc Jkbcedhdvsv
2021-03,Vqeimfzb Xawzxkevafkr
2021-03,Vutkxk Djvkouopvxba
2021-03,Xmvzku Rtkqvprmeauj
2021-04,Aaikt Ysafilc
2021-04,Bemivwifyww Vfonytq
2021-04,Chpemzzjk Ljbff
2021-04,Chvexgfocnop Wcdbadnopjqp
2021-04,Cresuscyyp Zxpsqj
2021-04,Dgiytk Slvdlk
2021-04,Dgiytk Slvdlk
2021-04,Diorrnws Bvzuukok
2021-04,Diorrnws Bvzuukok
2021-04,Diorrnws Bvzuukok
2021-04,Dngmff Unuybfg
2021-04,Efumlayca Yliauoxnkmhe
2021-04,Gaaaavcyf Eyrpgwza
2021-04,Gbnqyvelgbqo Qxnexmvqtc
2021-04,Gllcn Ysxjpftmqmmp
2021-04,Hzljwqrmkal Iejqnjdncbe
2021-04,Hzljwqrmkal Iejqnjdncbe
2021-04,Islehcozrub Hbbocgzmc
2021-04,Jmidw Atdsxhctq
2021-04,Kebpvzgs Xoeyh
2021-04,Lsdkgkdmkp Pvvvc
2021-04,Lsdkgkdmkp Pvvvc
2021-04,Nhkpulc Khaaujcepnoj
2021-04,Nrnapecdcalu Syuoljjb
2021-04,Okryrbsnw Znortjc
2021-04,Owwofoy Drfdlowv
2021-04,Rrdldaeb Cxfqvcke
2021-04,Tmjkmjiqu Qyuqi
2021-04,Uftrnil Hwormixtlubs
2021-04,Vlrnc Jkbcedhdvsv
2021-04,Vqeimfzb Xawzxkevafkr
2021-04,Vutkxk Djvkouopvxba
2021-04,Xmvzku Rtkqvprmeauj
2021-04,Zlgiwqx Isannta
2021-05,Aaikt Ysafilc
2021-05,Awnbvgydygyq Fnekhne
2021-05,Awnbvgydygyq Fnekhne
2021-05,Bemivwifyww Vfonytq
2021-05,Chvexgfocnop Wcdbadnopjqp
2021-05,Cresuscyyp Zxpsqj
2021-05,Dgiytk Slvdlk
2021-05,Dkxdnebbd Kllcrl
2021-05,Dngmff Unuybfg
2021-05,Efumlayca Yliauoxnkmhe
2021-05,Gaaaavcyf Eyrpgwza
2021-05,Gbnqyvelgbqo Qxnexmvqtc
2021-05,Gllcn Ysxjpftmqmmp
2021-05,Hzljwqrmkal Iejqnjdncbe
2021-05,Hzljwqrmkal Iejqnjdncbe
2021-05,Islehcozrub Hbbocgzmc
2021-05,Jmidw Atdsxhctq
2021-05,Kebpvzgs Xoeyh
2021-05,Lsdkgkdmkp Pvvvc
2021-05,Nhkpulc Khaaujcepnoj
2021-05,Nrnapecdcalu Syuoljjb
2021-05,Okryrbsnw Znortjc
2021-05,Owwofoy Drfdlowv
2021-05,Rrdldaeb Cxfqvcke
2021-05,Skveq Jbvbbelsdq
2021-05,Tmjkmjiqu Qyuqi
2021-05,Uftrnil Hwormixtlubs
2021-05,Vlrnc Jkbcedhdvsv
2021-05,Vqeimfzb Xawzxkevafkr
2021-05,Vutkxk Djvkouopvxba
2021-05,Xmvzku Rtkqvprmeauj
2021-05,Zlgiwqx Isannta
2021-06,Aaikt Ysafilc
2021-06,Bemivwifyww Vfonytq
2021-06,Chpemzzjk Ljbff
2021-06,Cresuscyyp Zxpsqj
2021-06,Dgiytk Slvdlk
2021-06,Dgiytk Slvdlk
2021-06,Diorrnws Bvzuukok
2021-06,Diorrnws Bvzuukok
2021-06,Diorrnws Bvzuukok
2021-06,Diorrnws Bvzuukok
2021-06,Dkxdnebbd Kllcrl
2021-06,Dngmff Unuybfg
2021-06,Efumlayca Yliauoxnkmhe
2021-06,Gaaaavcyf Eyrpgwza
2021-06,Gbnqyvelgbqo Qxnexmvqtc
2021-06,Gllcn Ysxjpftmqmmp
2021-06,Islehcozrub Hbbocgzmc
2021-06,Jmidw Atdsxhctq
2021-06,Kebpvzgs Xoeyh
2021-06,Nhkpulc Khaaujcepnoj
2021-06,Nrnapecdcalu Syuoljjb
2021-06,Okryrbsnw Znortjc
2021-06,Owwofoy Drfdlowv
2021-06,Rrdldaeb Cxfqvcke
2021-06,Tmjkmjiqu Qyuqi
2021-06,Uftrnil Hwormixtlubs
2021-06,Vlrnc Jkbcedhdvsv
2021-06,Vqeimfzb Xawzxkevafkr
2021-06,Vutkxk Djvkouopvxba
2021-06,Xmvzku Rtkqvprmeauj
2021-07,Aaikt Ysafilc
2021-07,Bemivwifyww Vfonytq
2021-07,Cresuscyyp Zxpsqj
2021-07,Diorrnws Bvzuukok
2021-07,Dngmff Unuybfg
2021-07,Efumlayca Yliauoxnkmhe
2021-07,Gaaaavcyf Eyrpgwza
2021-07,Gbnqyvelgbqo Qxnexmvqtc
2021-07,Gllcn Ysxjpftmqmmp
2021-07,Hzljwqrmkal Iejqnjdncbe
2021-07,Hzljwqrmkal Iejqnjdncbe
2021-07,Jmidw Atdsxhctq
2021-07,Kebpvzgs Xoeyh
2021-07,Lsdkgkdmkp Pvvvc
2021-07,Nhkpulc Khaaujcepnoj
2021-07,Nrnapecdcalu Syuoljjb
2021-07,Okooph Ysktzzodpts
2021-07,Okryrbsnw Znortjc
2021-07,Owwofoy Drfdlowv
2021-07,Rrdldaeb Cxfqvcke
2021-07,Tmjkmjiqu Qyuqi
2021-07,Uftrnil Hwormixtlubs
2021-07,Vlrnc Jkbcedhdvsv
2021-07,Vqeimfzb Xawzxkevafkr
2021-07,Vutkxk Djvkouopvxba
2021-07,Xmvzku Rtkqvprmeauj
2021-08,Aaikt Ysafilc
2021-08,Bemivwifyww Vfonytq
2021-08,Chvexgfocnop Wcdbadnopjqp
2021-08,Clepc Sshijfwlsr
2021-08,Cresuscyyp Zxpsqj
2021-08,Diorrnws Bvzuukok
2021-08,Dkxdnebbd Kllcrl
2021-08,Dkxdnebbd Kllcrl
2021-08,Dngmff Unuybfg
2021-08,Efumlayca Yliauoxnkmhe
2021-08,Gaaaavcyf Eyrpgwza
2021-08,Gbnqyvelgbqo Qxnexmvqtc
2021-08,Gllcn Ysxjpftmqmmp
2021-08,Hzljwqrmkal Iejqnjdncbe
2021-08,Islehcozrub Hbbocgzmc
2021-08,Jmidw Atdsxhctq
2021-08,Kebpvzgs Xoeyh
2021-08,Lsdkgkdmkp Pvvvc
2021-08,Nhkpulc Khaaujcepnoj
2021-08,Nrnapecdcalu Syuoljjb
2021-08,Okooph Ysktzzodpts
2021-08,Okryrbsnw Znortjc
2021-08,Owwofoy Drfdlowv
2021-08,Rrdldaeb Cxfqvcke
2021-08,Tmjkmjiqu Qyuqi
2021-08,Uftrnil Hwormixtlubs
2021-08,Vlrnc Jkbcedhdvsv
2021-08,Vqeimfzb Xawzxkevafkr
2021-08,Vutkxk Djvkouopvxba
2021-08,Xmvzku Rtkqvprmeauj
2021-09,Aaikt Ysafilc
2021-09,Awnbvgydygyq Fnekhne
2021-09,Bemivwifyww Vfonytq
2021-09,Chpemzzjk Ljbff
2021-09,Chvexgfocnop Wcdbadnopjqp
2021-09,Chvexgfocnop Wcdbadnopjqp
2021-09,Cresuscyyp Zxpsqj
2021-09,Dgiytk Slvdlk
2021-09,Dgiytk Slvdlk
2021-09,Diorrnws Bvzuukok
2021-09,Diorrnws Bvzuukok
2021-09,Dkxdnebbd Kllcrl
2021-09,Dngmff Unuybfg
2021-09,Efumlayca Yliauoxnkmhe
2021-09,Gaaaavcyf Eyrpgwza
2021-09,Gbnqyvelgbqo Qxnexmvqtc
2021-09,Gllcn Ysxjpftmqmmp
2021-09,Hzljwqrmkal Iejqnjdncbe
2021-09,Islehcozrub Hbbocgzmc
2021-09,Islehcozrub Hbbocgzmc
2021-09,Jmidw Atdsxhctq
2021-09,Kebpvzgs Xoeyh
2021-09,Lsdkgkdmkp Pvvvc
2021-09,Nhkpulc Khaaujcepnoj
2021-09,Nrnapecdcalu Syuoljjb
2021-09,Okooph Ysktzzodpts
2021-09,Okryrbsnw Znortjc
2021-09,Owwofoy Drfdlowv
2021-09,Rrdldaeb Cxfqvcke
2021-09,Tmjkmjiqu Qyuqi
2021-09,Uftrnil Hwormixtlubs
2021-09,Vlrnc Jkbcedhdvsv
2021-09,Vqeimfzb Xawzxkevafkr
2021-09,Vutkxk Djvkouopvxba
2021-09,Xmvzku Rtkqvprmeauj
2021-09,Zlgiwqx Isannta
2021-10,Aaikt Ysafilc
2021-10,Awnbvgydygyq Fnekhne
2021-10,Bemivwifyww Vfonytq
2021-10,Chpemzzjk Ljbff
2021-10,Chpemzzjk Ljbff
2021-10,Chvexgfocnop Wcdbadnopjqp
2021-10,Cresuscyyp Zxpsqj
2021-10,Dkxdnebbd Kllcrl
2021-10,Dngmff Unuybfg
2021-10,Efumlayca Yliauoxnkmhe
2021-10,Gaaaavcyf Eyrpgwza
2021-10,Gbnqyvelgbqo Qxnexmvqtc
2021-10,Gllcn Ysxjpftmqmmp
2021-10,Hzljwqrmkal Iejqnjdncbe
2021-10,Jmidw Atdsxhctq
2021-10,Kebpvzgs Xoeyh
2021-10,Nhkpulc Khaaujcepnoj
2021-10,Nrnapecdcalu Syuoljjb
2021-10,Okryrbsnw Znortjc
2021-10,Owwofoy Drfdlowv
2021-10,Rrdldaeb Cxfqvcke
2021-10,Tmjkmjiqu Qyuqi
2021-10,Uftrnil Hwormixtlubs
2021-10,Vlrnc Jkbcedhdvsv
2021-10,Vqeimfzb Xawzxkevafkr
2021-10,Vutkxk Djvkouopvxba
2021-10,Xmvzku Rtkqvprmeauj
2021-11,Aaikt Ysafilc
2021-11,Awnbvgydygyq Fnekhne
2021-11,Bemivwifyww Vfonytq
2021-11,Chvexgfocnop Wcdbadnopjqp
2021-11,Chvexgfocnop Wcdbadnopjqp
2021-11,Cresuscyyp Zxpsqj
2021-11,Dngmff Unuybfg
2021-11,Efumlayca Yliauoxnkmhe
2021-11,Gaaaavcyf Eyrpgwza
2021-11,Gbnqyvelgbqo Qxnexmvqtc
2021-11,Gllcn Ysxjpftmqmmp
2021-11,Islehcozrub Hbbocgzmc
2021-11,Jmidw Atdsxhctq
2021-11,Kebpvzgs Xoeyh
2021-11,Nhkpulc Khaaujcepnoj
2021-11,Nrnapecdcalu Syuoljjb
2021-11,Okooph Ysktzzodpts
2021-11,Okooph Ysktzzodpts
2021-11,Okryrbsnw Znortjc
2021-11,Owwofoy Drfdlowv
2021-11,Rrdldaeb Cxfqvcke
2021-11,Tmjkmjiqu Qyuqi
2021-11,Uftrnil Hwormixtlubs
2021-11,Vlrnc Jkbcedhdvsv
2021-11,Vqeimfzb Xawzxkevafkr
2021-11,Vutkxk Djvkouopvxba
2021-11,Xmvzku Rtkqvprmeauj
2021-11,Zlgiwqx Isannta
2021-12,Aaikt Ysafilc
2021-12,Awnbvgydygyq Fnekhne
2021-12,Awnbvgydygyq Fnekhne
2021-12,Bemivwifyww Vfonytq
2021-12,Cresuscyyp Zxpsqj
2021-12,Dkxdnebbd Kllcrl
2021-12,Dngmff Unuybfg
2021-12,Efumlayca Yliauoxnkmhe
2021-12,Gaaaavcyf Eyrpgwza
2021-12,Gbnqyvelgbqo Qxnexmvqtc
2021-12,Gllcn Ysxjpftmqmmp
2021-12,Hzljwqrmkal Iejqnjdncbe
2021-12,Jmidw Atdsxhctq
2021-12,Kebpvzgs Xoeyh
2021-12,Lsdkgkdmkp Pvvvc
2021-12,Lsdkgkdmkp Pvvvc
2021-12,Nhkpulc Khaaujcepnoj
2021-12,Nrnapecdcalu Syuoljjb
2021-12,Okooph Ysktzzodpts
2021-12,Okooph Ysktzzodpts
2021-12,Okooph Ysktzzodpts
2021-12,Okryrbsnw Znortjc
2021-12,Owwofoy Drfdlowv
2021-12,Rrdldaeb Cxfqvcke
2021-12,Tmjkmjiqu Qyuqi
2021-12,Uftrnil Hwormixtlubs
2021-12,Vlrnc Jkbcedhdvsv
2021-12,Vqeimfzb Xawzxkevafkr
2021-12,Vutkxk Djvkouopvxba
2021-12,Xmvzku Rtkqvprmeauj
2022-01,Aaikt Ysafilc
2022-01,Bemivwifyww Vfonytq
2022-01,Chvexgfocnop Wcdbadnopjqp
2022-01,Chvexgfocnop Wcdbadnopjqp
2022-01,Cresuscyyp Zxpsqj
2022-01,Dgiytk Slvdlk
2022-01,Dngmff Unuybfg
2022-01,Efumlayca Yliauoxnkmhe
2022-01,Gaaaavcyf Eyrpgwza
2022-01,Gbnqyvelgbqo Qxnexmvqtc
2022-01,Gllcn Ysxjpftmqmmp
2022-01,Hzljwqrmkal Iejqnjdncbe
2022-01,Islehcozrub Hbbocgzmc
2022-01,Islehcozrub Hbbocgzmc
2022-01,Jmidw Atdsxhctq
2022-01,Kebpvzgs Xoeyh
2022-01,Lsdkgkdmkp Pvvvc
2022-01,Nhkpulc Khaaujcepnoj
2022-01,Nrnapecdcalu Syuoljjb
2022-01,Okryrbsnw Znortjc
2022-01,Owwofoy Drfdlowv
2022-01,Rrdldaeb Cxfqvcke
2022-01,Tmjkmjiqu Qyuqi
2022-01,Uftrnil Hwormixtlubs
2022-01,Vlrnc Jkbcedhdvsv
2022-01,Vqeimfzb Xawzxkevafkr
2022-01,Vutkxk Djvkouopvxba
2022-01,Xmvzku Rtkqvprmeauj
2022-01,Zlgiwqx Isannta
2022-02,Aaikt Ysafilc
2022-02,Awnbvgydygyq Fnekhne
2022-02,Bemivwifyww Vfonytq
2022-02,Cresuscyyp Zxpsqj
2022-02,Diorrnws Bvzuukok
2022-02,Diorrnws Bvzuukok
2022-02,Dngmff Unuybfg
2022-02,Efumlayca Yliauoxnkmhe
2022-02,Gaaaavcyf Eyrpgwza
2022-02,Gbnqyvelgbqo Qxnexmvqtc
2022-02,Gllcn Ysxjpftmqmmp
2022-02,Islehcozrub Hbbocgzmc
2022-02,Jmidw Atdsxhctq
2022-02,Kebpvzgs Xoeyh
2022-02,Nhkpulc Khaaujcepnoj
2022-02,Nrnapecdcalu Syuoljjb
2022-02,Okryrbsnw Znortjc
2022-02,Owwofoy Drfdlowv
2022-02,Rrdldaeb Cxfqvcke
2022-02,Tmjkmjiqu Qyuqi
2022-02,Uftrnil Hwormixtlubs
2022-02,Vlrnc Jkbcedhdvsv
2022-02,Vqeimfzb Xawzxkevafkr
2022-02,Vutkxk Djvkouopvxba
2022-02,Xmvzku Rtkqvprmeauj
2022-02,Zlgiwqx Isannta
2022-03,Aaikt Ysafilc
2022-03,Awnbvgydygyq Fnekhne
2022-03,Bemivwifyww Vfonytq
2022-03,Chvexgfocnop Wcdbadnopjqp
2022-03,Cresuscyyp Zxpsqj
2022-03,Diorrnws Bvzuukok
2022-03,Dkxdnebbd Kllcrl
2022-03,Dngmff Unuybfg
2022-03,Efumlayca Yliauoxnkmhe
2022-03,Gaaaavcyf Eyrpgwza
2022-03,Gbnqyvelgbqo Qxnexmvqtc
2022-03,Gllcn Ysxjpftmqmmp
2022-03,Jmidw Atdsxhctq
2022-03,Kebpvzgs Xoeyh
2022-03,Nhkpulc Khaaujcepnoj
2022-03,Nrnapecdcalu Syuoljjb
2022-03,Okooph Ysktzzodpts
2022-03,Okryrbsnw Znortjc
2022-03,Owwofoy Drfdlowv
2022-03,Rrdldaeb Cxfqvcke
2022-03,Tmjkmjiqu Qyuqi
2022-03,Uftrnil Hwormixtlubs
2022-03,Vlrnc Jkbcedhdvsv
2022-03,Vqeimfzb Xawzxkevafkr
2022-03,Vutkxk Djvkouopvxba
2022-03,Xmvzku Rtkqvprmeauj
2022-03,Zlgiwqx Isannta
2022-04,Aaikt Ysafilc
2022-04,Awnbvgydygyq Fnekhne
2022-04,Bemivwifyww Vfonytq
2022-04,Chpemzzjk Ljbff
2022-04,Chpemzzjk Ljbff
2022-04,Chvexgfocnop Wcdbadnopjqp
2022-04,Cresuscyyp Zxpsqj
2022-04,Diorrnws Bvzuukok
2022-04,Dkxdnebbd Kllcrl
2022-04,Dkxdnebbd Kllcrl
2022-04,Dngmff Unuybfg
2022-04,Efumlayca Yliauoxnkmhe
2022-04,Gaaaavcyf Eyrpgwza
2022-04,Gbnqyvelgbqo Qxnexmvqtc
2022-04,Gllcn Ysxjpftmqmmp
2022-04,Islehcozrub Hbbocgzmc
2022-04,Jmidw Atdsxhctq
2022-04,Kebpvzgs Xoeyh
2022-04,Lsdkgkdmkp Pvvvc
2022-04,Lsdkgkdmkp Pvvvc
2022-04,Nhkpulc Khaaujcepnoj
2022-04,Nrnapecdcalu Syuoljjb
2022-04,Okryrbsnw Znortjc
2022-04,Owwofoy Drfdlowv
2022-04,Rrdldaeb Cxfqvcke
2022-04,Tmjkmjiqu Qyuqi
2022-04,Uftrnil Hwormixtlubs
2022-04,Vlrnc Jkbcedhdvsv
2022-04,Vqeimfzb Xawzxkevafkr
2022-04,Vutkxk Djvkouopvxba
2022-04,Xmvzku Rtkqvprmeauj
2022-04,Zlgiwqx Isannta
2022-05,Aaikt Ysafilc
2022-05,Awnbvgydygyq Fnekhne
2022-05,Bemivwifyww Vfonytq
2022-05,Chpemzzjk Ljbff
2022-05,Cresuscyyp Zxpsqj
2022-05,Dgiytk Slvdlk
2022-05,Diorrnws Bvzuukok
2022-05,Dngmff Unuybfg
2022-05,Efumlayca Yliauoxnkmhe
2022-05,Gaaaavcyf Eyrpgwza
2022-05,Gbnqyvelgbqo Qxnexmvqtc
2022-05,Gllcn Ysxjpftmqmmp
2022-05,Hzljwqrmkal Iejqnjdncbe
2022-05,Hzljwqrmkal Iejqnjdncbe
2022-05,Islehcozrub Hbbocgzmc
2022-05,Islehcozrub Hbbocgzmc
2022-05,Islehcozrub Hbbocgzmc
2022-05,Jmidw Atdsxhctq
2022-05,Kebpvzgs Xoeyh
2022-05,Nhkpulc Khaaujcepnoj
2022-05,Nrnapecdcalu Syuoljjb
2022-05,Okryrbsnw Znortjc
2022-05,Owwofoy Drfdlowv
2022-05,Rrdldaeb Cxfqvcke
2022-05,Tmjkmjiqu Qyuqi
2022-05,Uftrnil Hwormixtlubs
2022-05,Vlrnc Jkbcedhdvsv
2022-05,Vqeimfzb Xawzxkevafkr
2022-05,Vutkxk Djvkouopvxba
2022-05,Xmvzku Rtkqvprmeauj
2022-06,Aaikt Ysafilc
2022-06,Bemivwifyww Vfonytq
2022-06,Chvexgfocnop Wcdbadnopjqp
2022-06,Cresuscyyp Zxpsqj
2022-06,Diorrnws Bvzuukok
2022-06,Dkxdnebbd Kllcrl
2022-06,Dngmff Unuybfg
2022-06,Efumlayca Yliauoxnkmhe
2022-06,Gaaaavcyf Eyrpgwza
2022-06,Gbnqyvelgbqo Qxnexmvqtc
2022-06,Gllcn Ysxjpftmqmmp
2022-06,Hzljwqrmkal Iejqnjdncbe
2022-06,Hzljwqrmkal Iejqnjdncbe
2022-06,Islehcozrub Hbbocgzmc
2022-06,Jmidw Atdsxhctq
2022-06,Kebpvzgs Xoeyh
2022-06,Lsdkgkdmkp Pvvvc
2022-06,Nhkpulc Khaaujcepnoj
2022-06,Nrnapecdcalu Syuoljjb
2022-06,Okooph Ysktzzodpts
2022-06,Okooph Ysktzzodpts
2022-06,Okryrbsnw Znortjc
2022-06,Owwofoy Drfdlowv
2022-06,Rrdldaeb Cxfqvcke
2022-06,Tmjkmjiqu Qyuqi
2022-06,Uftrnil Hwormixtlubs
2022-06,Vlrnc Jkbcedhdvsv
2022-06,Vqeimfzb Xawzxkevafkr
2022-06,Vutkxk Djvkouopvxba
2022-06,Xmvzku Rtkqvprmeauj
2022-07,Aaikt Ysafilc
2022-07,Bemivwifyww Vfonytq
2022-07,Chpemzzjk Ljbff
2022-07,Chpemzzjk Ljbff
2022-07,Chvexgfocnop Wcdbadnopjqp
2022-07,Cresuscyyp Zxpsqj
2022-07,Diorrnws Bvzuukok
2022-07,Dngmff Unuybfg
2022-07,Efumlayca Yliauoxnkmhe
2022-07,Gaaaavcyf Eyrpgwza
2022-07,Gbnqyvelgbqo Qxnexmvqtc
2022-07,Gllcn Ysxjpftmqmmp
2022-07,Jmidw Atdsxhctq
2022-07,Kebpvzgs Xoeyh
2022-07,Lsdkgkdmkp Pvvvc
2022-07,Nhkpulc Khaaujcepnoj
2022-07,Nrnapecdcalu Syuoljjb
2022-07,Okryrbsnw Znortjc
2022-07,Owwofoy Drfdlowv
2022-07,Rrdldaeb Cxfqvcke
2022-07,Tmjkmjiqu Qyuqi
2022-07,Uftrnil Hwormixtlubs
2022-07,Vlrnc Jkbcedhdvsv
2022-07,Vqeimfzb Xawzxkevafkr
2022-07,Vutkxk Djvkouopvxba
2022-07,Xmvzku Rtkqvprmeauj
2022-07,Zlgiwqx Isannta
2022-08,Aaikt Ysafilc
2022-08,Awnbvgydygyq Fnekhne
2022-08,Awnbvgydygyq Fnekhne
2022-08,Bemivwifyww Vfonytq
2022-08,Chvexgfocnop Wcdbadnopjqp
2022-08,Cresuscyyp Zxpsqj
2022-08,Diorrnws Bvzuukok
2022-08,Dkxdnebbd Kllcrl
2022-08,Dngmff Unuybfg
2022-08,Efumlayca Yliauoxnkmhe
2022-08,Gaaaavcyf Eyrpgwza
2022-08,Gbnqyvelgbqo Qxnexmvqtc
2022-08,Gllcn Ysxjpftmqmmp
2022-08,Jmidw Atdsxhctq
2022-08,Kebpvzgs Xoeyh
2022-08,Lsdkgkdmkp Pvvvc
2022-08,Lsdkgkdmkp Pvvvc
2022-08,Nhkpulc Khaaujcepnoj
2022-08,Nrnapecdcalu Syuoljjb
2022-08,Okooph Ysktzzodpts
2022-08,Okryrbsnw Znortjc
2022-08,Owwofoy Drfdlowv
2022-08,Rrdldaeb Cxfqvcke
2022-08,Tmjkmjiqu Qyuqi
2022-08,Uftrnil Hwormixtlubs
2022-08,Vlrnc Jkbcedhdvsv
2022-08,Vqeimfzb Xawzxkevafkr
2022-08,Vutkxk Djvkouopvxba
2022-08,Xmvzku Rtkqvprmeauj
2022-09,Aaikt Ysafilc
2022-09,Awnbvgydygyq Fnekhne
2022-09,Bemivwifyww Vfonytq
2022-09,Chpemzzjk Ljbff
2022-09,Chvexgfocnop Wcdbadnopjqp
2022-09,Cresuscyyp Zxpsqj
2022-09,Diorrnws Bvzuukok
2022-09,Dkxdnebbd Kllcrl
2022-09,Dngmff Unuybfg
2022-09,Efumlayca Yliauoxnkmhe
2022-09,Gaaaavcyf Eyrpgwza
2022-09,Gbnqyvelgbqo Qxnexmvqtc
2022-09,Gllcn Ysxjpftmqmmp
2022-09,Hzljwqrmkal Iejqnjdncbe
2022-09,Hzljwqrmkal Iejqnjdncbe
2022-09,Islehcozrub Hbbocgzmc
2022-09,Islehcozrub Hbbocgzmc
2022-09,Jmidw Atdsxhctq
2022-09,Kebpvzgs Xoeyh
2022-09,Nhkpulc Khaaujcepnoj
2022-09,Nrnapecdcalu Syuoljjb
2022-09,Okooph Ysktzzodpts
2022-09,Okooph Ysktzzodpts
2022-09,Okryrbsnw Znortjc
2022-09,Owwofoy Drfdlowv
2022-09,Rrdldaeb Cxfqvcke
2022-09,Tmjkmjiqu Qyuqi
2022-09,Uftrnil Hwormixtlubs
2022-09,Vlrnc Jkbcedhdvsv
2022-09,Vqeimfzb Xawzxkevafkr
2022-09,Vutkxk Djvkouopvxba
2022-09,Xmvzku Rtkqvprmeauj
2022-10,Aaikt Ysafilc
2022-10,Awnbvgydygyq Fnekhne
2022-10,Awnbvgydygyq Fnekhne
2022-10,Bemivwifyww Vfonytq
2022-10,Chvexgfocnop Wcdbadnopjqp
2022-10,Cresuscyyp Zxpsqj
2022-10,Dngmff Unuybfg
2022-10,Efumlayca Yliauoxnkmhe
2022-10,Gaaaavcyf Eyrpgwza
2022-10,Gbnqyvelgbqo Qxnexmvqtc
2022-10,Gllcn Ysxjpftmqmmp
2022-10,Islehcozrub Hbbocgzmc
2022-10,Islehcozrub Hbbocgzmc
2022-10,Jmidw Atdsxhctq
2022-10,Kebpvzgs Xoeyh
2022-10,Nhkpulc Khaaujcepnoj
2022-10,Nrnapecdcalu Syuoljjb
2022-10,Okooph Ysktzzodpts
2022-10,Okryrbsnw Znortjc
2022-10,Owwofoy Drfdlowv
2022-10,Rrdldaeb Cxfqvcke
2022-10,Tmjkmjiqu Qyuqi
2022-10,Uftrnil Hwormixtlubs
2022-10,Vlrnc Jkbcedhdvsv
2022-10,Vqeimfzb Xawzxkevafkr
2022-10,Vutkxk Djvkouopvxba
2022-10,Xmvzku Rtkqvprmeauj
2022-11,Aaikt Ysafilc
2022-11,Bemivwifyww Vfonytq
2022-11,Chvexgfocnop Wcdbadnopjqp
2022-11,Chvexgfocnop Wcdbadnopjqp
2022-11,Cresuscyyp Zxpsqj
2022-11,Diorrnws Bvzuukok
2022-11,Diorrnws Bvzuukok
2022-11,Diorrnws Bvzuukok
2022-11,Dkxdnebbd Kllcrl
2022-11,Dkxdnebbd Kllcrl
2022-11,Dngmff Unuybfg
2022-11,Efumlayca Yliauoxnkmhe
2022-11,Gaaaavcyf Eyrpgwza
2022-11,Gbnqyvelgbqo Qxnexmvqtc
2022-11,Gllcn Ysxjpftmqmmp
2022-11,Islehcozrub Hbbocgzmc
2022-11,Islehcozrub Hbbocgzmc
2022-11,Jmidw Atdsxhctq
2022-11,Kebpvzgs Xoeyh
2022-11,Nhkpulc Khaaujcepnoj
2022-11,Nrnapecdcalu Syuoljjb
2022-11,Okooph Ysktzzodpts
2022-11,Okryrbsnw Znortjc
2022-11,Owwofoy Drfdlowv
2022-11,Rrdldaeb Cxfqvcke
2022-11,Tmjkmjiqu Qyuqi
2022-11,Uftrnil Hwormixtlubs
2022-11,Vlrnc Jkbcedhdvsv
2022-11,Vqeimfzb Xawzxkevafkr
2022-11,Vutkxk Djvkouopvxba
2022-11,Xmvzku Rtkqvprmeauj
2022-12,Aaikt Ysafilc
2022-12,Bemivwifyww Vfonytq
2022-12,Chpemzzjk Ljbff
2022-12,Chvexgfocnop Wcdbadnopjqp
2022-12,Chvexgfocnop Wcdbadnopjqp
2022-12,Cresuscyyp Zxpsqj
2022-12,Dgiytk Slvdlk
2022-12,Dngmff Unuybfg
2022-12,Efumlayca Yliauoxnkmhe
2022-12,Gaaaavcyf Eyrpgwza
2022-12,Gbnqyvelgbqo Qxnexmvqtc
2022-12,Gllcn Ysxjpftmqmmp
2022-12,Hzljwqrmkal Iejqnjdncbe
2022-12,Islehcozrub Hbbocgzmc
2022-12,Jmidw Atdsxhctq
2022-12,Kebpvzgs Xoeyh
2022-12,Nhkpulc Khaaujcepnoj
2022-12,Nrnapecdcalu Syuoljjb
2022-12,Okryrbsnw Znortjc
2022-12,Owwofoy Drfdlowv
2022-12,Rrdldaeb Cxfqvcke
2022-12,Tmjkmjiqu Qyuqi
2022-12,Uftrnil Hwormixtlubs
2022-12,Vlrnc Jkbcedhdvsv
2022-12,Vqeimfzb Xawzxkevafkr
2022-12,Vutkxk Djvkouopvxba
2022-12,Xmvzku Rtkqvprmeauj
2023-01,Aaikt Ysafilc
2023-01,Awnbvgydygyq Fnekhne
2023-01,Bemivwifyww Vfonytq
2023-01,Chvexgfocnop Wcdbadnopjqp
2023-01,Chvexgfocnop Wcdbadnopjqp
2023-01,Cresuscyyp Zxpsqj
2023-01,Diorrnws Bvzuukok
2023-01,Diorrnws Bvzuukok
2023-01,Diorrnws Bvzuukok
2023-01,Dkxdnebbd Kllcrl
2023-01,Dkxdnebbd Kllcrl
2023-01,Dngmff Unuybfg
2023-01,Efumlayca Yliauoxnkmhe
2023-01,Gaaaavcyf Eyrpgwza
2023-01,Gbnqyvelgbqo Qxnexmvqtc
2023-01,Gllcn Ysxjpftmqmmp
2023-01,Hzljwqrmkal Iejqnjdncbe
2023-01,Jmidw Atdsxhctq
2023-01,Kebpvzgs Xoeyh
2023-01,Nhkpulc Khaaujcepnoj
2023-01,Nrnapecdcalu Syuoljjb
2023-01,Okryrbsnw Znortjc
2023-01,Owwofoy Drfdlowv
2023-01,Rrdldaeb Cxfqvcke
2023-01,Tmjkmjiqu Qyuqi
2023-01,Uftrnil Hwormixtlubs
2023-01,Vlrnc Jkbcedhdvsv
2023-01,Vqeimfzb Xawzxkevafkr
2023-01,Vutkxk Djvkouopvxba
2023-01,Xmvzku Rtkqvprmeauj
2023-02,Aaikt Ysafilc
2023-02,Bemivwifyww Vfonytq
2023-02,Cresuscyyp Zxpsqj
2023-02,Dgiytk Slvdlk
2023-02,Dgiytk Slvdlk
2023-02,Diorrnws Bvzuukok
2023-02,Dkxdnebbd Kllcrl
2023-02,Dkxdnebbd Kllcrl
2023-02,Dngmff Unuybfg
2023-02,Efumlayca Yliauoxnkmhe
2023-02,Gaaaavcyf Eyrpgwza
2023-02,Gbnqyvelgbqo Qxnexmvqtc
2023-02,Gllcn Ysxjpftmqmmp
2023-02,Jmidw Atdsxhctq
2023-02,Kebpvzgs Xoeyh
2023-02,Nhkpulc Khaaujcepnoj
2023-02,Nrnapecdcalu Syuoljjb
2023-02,Okooph Ysktzzodpts
2023-02,Okryrbsnw Znortjc
2023-02,Owwofoy Drfdlowv
2023-02,Rrdldaeb Cxfqvcke
2023-02,Tmjkmjiqu Qyuqi
2023-02,Uftrnil Hwormixtlubs
2023-02,Vlrnc Jkbcedhdvsv
2023-02,Vqeimfzb Xawzxkevafkr
2023-02,Vutkxk Djvkouopvxba
2023-02,Xmvzku Rtkqvprmeauj
2023-03,Aaikt Ysafilc
2023-03,Bemivwifyww Vfonytq
2023-03,Chvexgfocnop Wcdbadnopjqp
2023-03,Cresuscyyp Zxpsqj
2023-03,Dgiytk Slvdlk
2023-03,Dkxdnebbd Kllcrl
2023-03,Dngmff Unuybfg
2023-03,Efumlayca Yliauoxnkmhe
2023-03,Gaaaavcyf Eyrpgwza
2023-03,Gbnqyvelgbqo Qxnexmvqtc
2023-03,Gllcn Ysxjpftmqmmp
2023-03,Hzljwqrmkal Iejqnjdncbe
2023-03,Islehcozrub Hbbocgzmc
2023-03,Jmidw Atdsxhctq
2023-03,Kebpvzgs Xoeyh
2023-03,Lsdkgkdmkp Pvvvc
2023-03,Lsdkgkdmkp Pvvvc
2023-03,Nhkpulc Khaaujcepnoj
2023-03,Nrnapecdcalu Syuoljjb
2023-03,Okooph Ysktzzodpts
2023-03,Okryrbsnw Znortjc
2023-03,Owwofoy Drfdlowv
2023-03,Rrdldaeb Cxfqvcke
2023-03,Tmjkmjiqu Qyuqi
2023-03,Uftrnil Hwormixtlubs
2023-03,Vlrnc Jkbcedhdvsv
2023-03,Vqeimfzb Xawzxkevafkr
2023-03,Vutkxk Djvkouopvxba
2023-03,Xmvzku Rtkqvprmeauj
2023-03,Zlgiwqx Isannta
2023-04,Aaikt Ysafilc
2023-04,Awnbvgydygyq Fnekhne
2023-04,Bemivwifyww Vfonytq
2023-04,Chpemzzjk Ljbff
2023-04,Cresuscyyp Zxpsqj
2023-04,Dgiytk Slvdlk
2023-04,Dgiytk Slvdlk
2023-04,Diorrnws Bvzuukok
2023-04,Dngmff Unuybfg
2023-04,Efumlayca Yliauoxnkmhe
2023-04,Gaaaavcyf Eyrpgwza
2023-04,Gbnqyvelgbqo Qxnexmvqtc
2023-04,Gllcn Ysxjpftmqmmp
2023-04,Hzljwqrmkal Iejqnjdncbe
2023-04,Hzljwqrmkal Iejqnjdncbe
2023-04,Islehcozrub Hbbocgzmc
2023-04,Jmidw Atdsxhctq
2023-04,Kebpvzgs Xoeyh
2023-04,Lsdkgkdmkp Pvvvc
2023-04,Lsdkgkdmkp Pvvvc
2023-04,Nhkpulc Khaaujcepnoj
2023-04,Nrnapecdcalu Syuoljjb
2023-04,Okryrbsnw Znortjc
2023-04,Owwofoy Drfdlowv
2023-04,Rrdldaeb Cxfqvcke
2023-04,Tmjkmjiqu Qyuqi
2023-04,Uftrnil Hwormixtlubs
2023-04,Vlrnc Jkbcedhdvsv
2023-04,Vqeimfzb Xawzxkevafkr
2023-04,Vutkxk Djvkouopvxba
2023-04,Xmvzku Rtkqvprmeauj
2023-05,Aaikt Ysafilc
2023-05,Awnbvgydygyq Fnekhne
2023-05,Bemivwifyww Vfonytq
2023-05,Chvexgfocnop Wcdbadnopjqp
2023-05,Cresuscyyp Zxpsqj
2023-05,Diorrnws Bvzuukok
2023-05,Diorrnws Bvzuukok
2023-05,Dngmff Unuybfg
2023-05,Efumlayca Yliauoxnkmhe
2023-05,Gaaaavcyf Eyrpgwza
2023-05,Gbnqyvelgbqo Qxnexmvqtc
2023-05,Gllcn Ysxjpftmqmmp
2023-05,Hzljwqrmkal Iejqnjdncbe
2023-05,Jmidw Atdsxhctq
2023-05,Kebpvzgs Xoeyh
2023-05,Nhkpulc Khaaujcepnoj
2023-05,Nrnapecdcalu Syuoljjb
2023-05,Okryrbsnw Znortjc
2023-05,Owwofoy Drfdlowv
2023-05,Rrdldaeb Cxfqvcke
2023-05,Tmjkmjiqu Qyuqi
2023-05,Uftrnil Hwormixtlubs
2023-05,Vlrnc Jkbcedhdvsv
2023-05,Vqeimfzb Xawzxkevafkr
2023-05,Vutkxk Djvkouopvxba
2023-05,Xmvzku Rtkqvprmeauj
2023-06,Aaikt Ysafilc
2023-06,Awnbvgydygyq Fnekhne
2023-06,Bemivwifyww Vfonytq
2023-06,Chvexgfocnop Wcdbadnopjqp
2023-06,Chvexgfocnop Wcdbadnopjqp
2023-06,Chvexgfocnop Wcdbadnopjqp
2023-06,Clepc Sshijfwlsr
2023-06,Cresuscyyp Zxpsqj
2023-06,Dgiytk Slvdlk
2023-06,Diorrnws Bvzuukok
2023-06,Dkxdnebbd Kllcrl
2023-06,Dngmff Unuybfg
2023-06,Efumlayca Yliauoxnkmhe
2023-06,Gaaaavcyf Eyrpgwza
2023-06,Gbnqyvelgbqo Qxnexmvqtc
2023-06,Gllcn Ysxjpftmqmmp
2023-06,Hzljwqrmkal Iejqnjdncbe
2023-06,Islehcozrub Hbbocgzmc
2023-06,Islehcozrub Hbbocgzmc
2023-06,Islehcozrub Hbbocgzmc
2023-06,Jmidw Atdsxhctq
2023-06,Kebpvzgs Xoeyh
2023-06,Nhkpulc Khaaujcepnoj
2023-06,Nrnapecdcalu Syuoljjb
2023-06,Okooph Ysktzzodpts
2023-06,Okryrbsnw Znortjc
2023-06,Owwofoy Drfdlowv
2023-06,Rrdldaeb Cxfqvcke
2023-06,Tmjkmjiqu Qyuqi
2023-06,Uftrnil Hwormixtlubs
2023-06,Vlrnc Jkbcedhdvsv
2023-06,Vqeimfzb Xawzxkevafkr
2023-06,Vutkxk Djvkouopvxba
2023-06,Xmvzku Rtkqvprmeauj
2023-07,Aaikt Ysafilc
2023-07,Awnbvgydygyq Fnekhne
2023-07,Bemivwifyww Vfonytq
2023-07,Chvexgfocnop Wcdbadnopjqp
2023-07,Cresuscyyp Zxpsqj
2023-07,Diorrnws Bvzuukok
2023-07,Dkxdnebbd Kllcrl
2023-07,Dngmff Unuybfg
2023-07,Efumlayca Yliauoxnkmhe
2023-07,Gaaaavcyf Eyrpgwza
2023-07,Gbnqyvelgbqo Qxnexmvqtc
2023-07,Gllcn Ysxjpftmqmmp
2023-07,Islehcozrub Hbbocgzmc
2023-07,Jmidw Atdsxhctq
2023-07,Kebpvzgs Xoeyh
2023-07,Lsdkgkdmkp Pvvvc
2023-07,Lsdkgkdmkp Pvvvc
2023-07,Lsdkgkdmkp Pvvvc
2023-07,Nhkpulc Khaaujcepnoj
2023-07,Nrnapecdcalu Syuoljjb
2023-07,Okryrbsnw Znortjc
2023-07,Owwofoy Drfdlowv
2023-07,Rrdldaeb Cxfqvcke
2023-07,Tmjkmjiqu Qyuqi
2023-07,Uftrnil Hwormixtlubs
2023-07,Vlrnc Jkbcedhdvsv
2023-07,Vqeimfzb Xawzxkevafkr
2023-07,Vutkxk Djvkouopvxba
2023-07,Xmvzku Rtkqvprmeauj
2023-07,Zlgiwqx Isannta
2023-08,Aaikt Ysafilc
2023-08,Bemivwifyww Vfonytq
2023-08,Chpemzzjk Ljbff
2023-08,Cresuscyyp Zxpsqj
2023-08,Dgiytk Slvdlk
2023-08,Dkxdnebbd Kllcrl
2023-08,Dkxdnebbd Kllcrl
2023-08,Dkxdnebbd Kllcrl
2023-08,Dngmff Unuybfg
2023-08,Efumlayca Yliauoxnkmhe
2023-08,Gaaaavcyf Eyrpgwza
2023-08,Gbnqyvelgbqo Qxnexmvqtc
2023-08,Gllcn Ysxjpftmqmmp
2023-08,Jmidw Atdsxhctq
2023-08,Kebpvzgs Xoeyh
2023-08,Lsdkgkdmkp Pvvvc
2023-08,Nhkpulc Khaaujcepnoj
2023-08,Nrnapecdcalu Syuoljjb
2023-08,Okooph Ysktzzodpts
2023-08,Okryrbsnw Znortjc
2023-08,Owwofoy Drfdlowv
2023-08,Rrdldaeb Cxfqvcke
2023-08,Tmjkmjiqu Qyuqi
2023-08,Uftrnil Hwormixtlubs
2023-08,Vlrnc Jkbcedhdvsv
2023-08,Vqeimfzb Xawzxkevafkr
2023-08,Vutkxk Djvkouopvxba
2023-08,Xmvzku Rtkqvprmeauj
2023-09,Aaikt Ysafilc
2023-09,Bemivwifyww Vfonytq
2023-09,Cresuscyyp Zxpsqj
2023-09,Dngmff Unuybfg
2023-09,Efumlayca Yliauoxnkmhe
2023-09,Gaaaavcyf Eyrpgwza
2023-09,Gbnqyvelgbqo Qxnexmvqtc
2023-09,Gllcn Ysxjpftmqmmp
2023-09,Jmidw Atdsxhctq
2023-09,Kebpvzgs Xoeyh
2023-09,Nhkpulc Khaaujcepnoj
2023-09,Nrnapecdcalu Syuoljjb
2023-09,Okryrbsnw Znortjc
2023-09,Owwofoy Drfdlowv
2023-09,Rrdldaeb Cxfqvcke
2023-09,Tmjkmjiqu Qyuqi
2023-09,Uftrnil Hwormixtlubs
2023-09,Vlrnc Jkbcedhdvsv
2023-09,Vqeimfzb Xawzxkevafkr
2023-09,Vutkxk Djvkouopvxba
2023-09,Xmvzku Rtkqvprmeauj
2023-10,Aaikt Ysafilc
2023-10,Akztt Xxelsvd
2023-10,Bcuxvweq Yqzjen
2023-10,Bemivwifyww Vfonytq
2023-10,Bvfxdtdxwefw Vxvfdywtsmi
2023-10,Cresuscyyp Zxpsqj
2023-10,Dngmff Unuybfg
2023-10,Dozmqjfilk Mduzm
2023-10,Efumlayca Yliauoxnkmhe
2023-10,Gaaaavcyf Eyrpgwza
2023-10,Gbnqyvelgbqo Qxnexmvqtc
2023-10,Gcqwpkz Cbrsorkq
2023-10,Gllcn Ysxjpftmqmmp
2023-10,Jhesrk Tfpzigb
2023-10,Jmidw Atdsxhctq
2023-10,Jxcxicctyu Fmjkjf
2023-10,Jyufsth Ircway
2023-10,Kebpvzgs Xoeyh
2023-10,Lauutagu Vmctubh
2023-10,Ljyeixm Emzwxxjthhe
2023-10,Ltttpejhm Efrwyznwwe
2023-10,Mulqsi Lpbkxxv
2023-10,Nhkpulc Khaaujcepnoj
2023-10,Nrnapecdcalu Syuoljjb
2023-10,Okryrbsnw Znortjc
2023-10,Ormqyax Qjaiafn
2023-10,Owwofoy Drfdlowv
2023-10,Rcefhd Ouxilsgxe
2023-10,Rrdldaeb Cxfqvcke
2023-10,Tmjkmjiqu Qyuqi
2023-10,Uftrnil Hwormixtlubs
2023-10,Uoafnxifjnhn Cbowanhzhyiz
2023-10,Vlrnc Jkbcedhdvsv
2023-10,Vqeimfzb Xawzxkevafkr
2023-10,Vutkxk Djvkouopvxba
2023-10,Vxqanr Pmflgnhyaqe
2023-10,Wwsvkpsmzkjl Sqsvopkeqn
2023-10,Xmvzku Rtkqvprmeauj
2023-10,Xplgqktbodn Dvyfvneocayk
2023-10,Ydljwsinpsdh Mwsitnaubcl
2023-10,Yogdkzrl Cgfvyfll
