2020-01,Agendeuef Ztasqwwcobi
2020-01,Ahhjew Aphpea
2020-01,Akxcxrgsqi Adyujxu
2020-01,Ambmxivw Wbwuywi
2020-01,Atgvpsut Dmkugbzhs
2020-01,Awijj Flwfudrbwv
2020-01,Bjqjh Jctnmpmab
2020-01,Bkpzzfrgpmyl Xssaahvrgh
2020-01,Blpfnrarzvh Nmcpu
2020-01,Bperp Wzxhxmknxfwp
2020-01,Chjzjlhrufdc Ehnifr
2020-01,Cyolckpkc Jtgmnpahrq
2020-01,Dfbwuay Kmygyknmnzm
2020-01,Dpvhyb Xsowiixeadtc
2020-01,Endbyg Leoglsgc
2020-01,Fghkacepsy Ekecm
2020-01,Fjciarx Roxavdjmch
2020-01,Fmoflf Rnaftrxndufq
2020-01,Fyhdgjugnomq Mguts
2020-01,Ggatwkenwo Qfgbxmkd
2020-01,Gjqwmmvzj Kjdcxtdbve
2020-01,Gsntipv Edxidhknagpa
2020-01,Gwvwinuyengt Ggrxneylmwzk
2020-01,Gysclglunyw Cypmwza
2020-01,Hehpffxvvg Segwgluxch
2020-01,Hrutqqrlf Txxnbz
2020-01,Htjusuwwvqd Xcnlkrdab
2020-01,Huclfip Wswpxe
2020-01,Hyeiify Vsrnipvocn
2020-01,Hyiuisxrvhzr Ysykowrqamt
2020-01,Imiaytu Acrvasmrw
2020-01,Imqoj Hryalk
2020-01,Iolmekugg Wqeevsjb
2020-01,Iqtloru Qbsmompovnt
2020-01,Itxpurka Gjule
2020-01,Ivqsfovoneug Rfogfrbjq
2020-01,Iyuzpi Mgaircstyjee
2020-01,Jfnbtywtnqke Hbrrdnppuodl
2020-01,Jiitikp Mouadqmgcq
2020-01,Jnkgcq Rkioy
2020-01,Jzwtbs Mfpebaqxqd
2020-01,Kcwfleaorta Klcmfo
2020-01,Kddxaqgu Yxufpnpog
2020-01,Kvrpw Ihldkv
2020-01,Kxwpb Pfowemfvpsif
2020-01,Lamqclg Nllpoma
2020-01,Learh Mqbyhbuei
2020-01,Llebnbpiktrb Vkcpurlyh
2020-01,Lteigyzpyi Rphubfngtt
2020-01,Mfauzvrfzue Ewacyjmkm
2020-01,Micfzwsp Rcidwxch
2020-01,Mrbmnnzb Kbfvwrq
2020-01,Mwiophnj Beqgggwawax
2020-01,Ndsugditw Vltawu
2020-01,Neeymzjd Yizjtqihnyhl
2020-01,Nrdnta Simucmc
2020-01,Nxdxqsuegejr Qmjeybj
2020-01,Oisbtvkwhneh Oxvouz
2020-01,Oqgkxeej Zraajetpipaz
2020-01,Oszhyj Emfiyp
2020-01,Pkeljj Jhiccy
2020-01,Pqjbt Ciwofscgapv
2020-01,Pznhm Dwilzo
2020-01,Qaemb Sqoinga
2020-01,Qbgtohh Cxozkksaobvb
2020-01,Qhexqdhynpk Thjch
2020-01,Qjppprgzkdhj Igshamvcndl
2020-01,Qxegijmxx Utzijoq
2020-01,Resofhm Zrbebubmppcw
2020-01,Rlwjkxod Wvaxceej
2020-01,Rxqarjkovh Qzgdi
2020-01,Rzucmrkxheto Pyzvftroxe
2020-01,Sjsaqvke Wpecmlupmea
2020-01,Spetibcfcfj Wtmoai
2020-01,Suksgurnnmok Mcvkj
2020-01,Tbazgcppx Pdkbgihnivll
2020-01,Tdcihbdfh Klcuvuu
2020-01,Tgcgw Gopozb
2020-01,Tleaqrbg Zaqnamg
2020-01,Tpycu Uqfqcbqgs
2020-01,Ttpzgkhk Vuzsf
2020-01,Tyvwgriycve Tbjkamolf
2020-01,Ueicy Wvqrio
2020-01,Ukezqfewppal Mucwfcsh
2020-01,Unymibqs Fvvdblhx
2020-01,Uskqcxacvmsa Wbdvcuif
2020-01,Vgfsddw Ekuvj
2020-01,Vwgjscsblo Vwtxikhodp
2020-01,Wbokimm Piigt
2020-01,Whqxtdkbcpok Goiosa
2020-01,Wjaguxf Iictegytglz
2020-01,Wpgloyzaneu Xfjivn
2020-01,Wtvigrhqhrq Dzywuhwsl
2020-01,Wxitdj Vbzefhoqb
2020-01,Xwccusg Fmvpvdj
2020-01,Xwsaija Oiqcjawmz
2020-01,Yuhirh Bymybw
2020-01,Zavbzvmsjw Ufjetyk
2020-01,Zwknsdimjn Sqapnfutfv
2020-02,Agendeuef Ztasqwwcobi
2020-02,Ahhjew Aphpea
2020-02,Akxcxrgsqi Adyujxu
2020-02,Ambmxivw Wbwuywi
2020-02,Atgvpsut Dmkugbzhs
2020-02,Awijj Flwfudrbwv
2020-02,Bjqjh Jctnmpmab
2020-02,Bkpzzfrgpmyl Xssaahvrgh
2020-02,Blpfnrarzvh Nmcpu
2020-02,Bperp Wzxhxmknxfwp
2020-02,Chjzjlhrufdc Ehnifr
2020-02,Cyolckpkc Jtgmnpahrq
2020-02,Dfbwuay Kmygyknmnzm
2020-02,Dpvhyb Xsowiixeadtc
2020-02,Endbyg Leoglsgc
2020-02,Fghkacepsy Ekecm
2020-02,Fjciarx Roxavdjmch
2020-02,Fmoflf Rnaftrxndufq
2020-02,Fyhdgjugnomq Mguts
2020-02,Ggatwkenwo Qfgbxmkd
2020-02,Gjqwmmvzj Kjdcxtdbve
2020-02,Gsntipv Edxidhknagpa
2020-02,Gwvwinuyengt Ggrxneylmwzk
2020-02,Gysclglunyw Cypmwza
2020-02,Hehpffxvvg Segwgluxch
2020-02,Hrutqqrlf Txxnbz
2020-02,Htjusuwwvqd Xcnlkrdab
2020-02,Huclfip Wswpxe
2020-02,Hyeiify Vsrnipvocn
2020-02,Hyiuisxrvhzr Ysykowrqamt
2020-02,Imiaytu Acrvasmrw
2020-02,Imqoj Hryalk
2020-02,Iolmekugg Wqeevsjb
2020-02,Iqtloru Qbsmompovnt
2020-02,Itxpurka Gjule
2020-02,Ivqsfovoneug Rfogfrbjq
2020-02,Iyuzpi Mgaircstyjee
2020-02,Jfnbtywtnqke Hbrrdnppuodl
2020-02,Jiitikp Mouadqmgcq
2020-02,Jnkgcq Rkioy
2020-02,Jzwtbs Mfpebaqxqd
2020-02,Kcwfleaorta Klcmfo
2020-02,Kddxaqgu Yxufpnpog
2020-02,Kvrpw Ihldkv
2020-02,Kxwpb Pfowemfvpsif
2020-02,Lamqclg Nllpoma
2020-02,Learh Mqbyhbuei
2020-02,Llebnbpiktrb Vkcpurlyh
2020-02,Lteigyzpyi Rphubfngtt
2020-02,Mfauzvrfzue Ewacyjmkm
2020-02,Micfzwsp Rcidwxch
2020-02,Mrbmnnzb Kbfvwrq
2020-02,Mwiophnj Beqgggwawax
2020-02,Ndsugditw Vltawu
2020-02,Neeymzjd Yizjtqihnyhl
2020-02,Nrdnta Simucmc
2020-02,Nxdxqsuegejr Qmjeybj
2020-02,Oisbtvkwhneh Oxvouz
2020-02,Oqgkxeej Zraajetpipaz
2020-02,Oszhyj Emfiyp
2020-02,Pkeljj Jhiccy
2020-02,Pqjbt Ciwofscgapv
2020-02,Pznhm Dwilzo
2020-02,Qaemb Sqoinga
2020-02,Qbgtohh Cxozkksaobvb
2020-02,Qhexqdhynpk Thjch
2020-02,Qjppprgzkdhj Igshamvcndl
2020-02,Qxegijmxx Utzijoq
2020-02,Resofhm Zrbebubmppcw
2020-02,Rlwjkxod Wvaxceej
2020-02,Rxqarjkovh Qzgdi
2020-02,Rzucmrkxheto Pyzvftroxe
2020-02,Sjsaqvke Wpecmlupmea
2020-02,Spetibcfcfj Wtmoai
2020-02,Suksgurnnmok Mcvkj
2020-02,Tbazgcppx Pdkbgihnivll
2020-02,Tdcihbdfh Klcuvuu
2020-02,Tgcgw Gopozb
2020-02,Tleaqrbg Zaqnamg
2020-02,Tpycu Uqfqcbqgs
2020-02,Ttpzgkhk Vuzsf
2020-02,Tyvwgriycve Tbjkamolf
2020-02,Ueicy Wvqrio
2020-02,Ukezqfewppal Mucwfcsh
2020-02,Unymibqs Fvvdblhx
2020-02,Uskqcxacvmsa Wbdvcuif
2020-02,Vgfsddw Ekuvj
2020-02,Vwgjscsblo Vwtxikhodp
2020-02,Wbokimm Piigt
2020-02,Whqxtdkbcpok Goiosa
2020-02,Wjaguxf Iictegytglz
2020-02,Wpgloyzaneu Xfjivn
2020-02,Wtvigrhqhrq Dzywuhwsl
2020-02,Wxitdj Vbzefhoqb
2020-02,Xwccusg Fmvpvdj
2020-02,Xwsaija Oiqcjawmz
2020-02,Yuhirh Bymybw
2020-02,Zavbzvmsjw Ufjetyk
2020-02,Zwknsdimjn Sqapnfutfv
2020-03,Agendeuef Ztasqwwcobi
2020-03,Ahhjew Aphpea
2020-03,Akxcxrgsqi Adyujxu
2020-03,Ambmxivw Wbwuywi
2020-03,Atgvpsut Dmkugbzhs
2020-03,Awijj Flwfudrbwv
2020-03,Bjqjh Jctnmpmab
2020-03,Bkpzzfrgpmyl Xssaahvrgh
2020-03,Blpfnrarzvh Nmcpu
2020-03,Bperp Wzxhxmknxfwp
2020-03,Chjzjlhrufdc Ehnifr
2020-03,Cyolckpkc Jtgmnpahrq
2020-03,Dfbwuay Kmygyknmnzm
2020-03,Dpvhyb Xsowiixeadtc
2020-03,Endbyg Leoglsgc
2020-03,Fghkacepsy Ekecm
2020-03,Fjciarx Roxavdjmch
2020-03,Fmoflf Rnaftrxndufq
2020-03,Fyhdgjugnomq Mguts
2020-03,Ggatwkenwo Qfgbxmkd
2020-03,Gjqwmmvzj Kjdcxtdbve
2020-03,Gsntipv Edxidhknagpa
2020-03,Gwvwinuyengt Ggrxneylmwzk
2020-03,Gysclglunyw Cypmwza
2020-03,Hehpffxvvg Segwgluxch
2020-03,Hrutqqrlf Txxnbz
2020-03,Htjusuwwvqd Xcnlkrdab
2020-03,Huclfip Wswpxe
2020-03,Hyeiify Vsrnipvocn
2020-03,Hyiuisxrvhzr Ysykowrqamt
2020-03,Imiaytu Acrvasmrw
2020-03,Imqoj Hryalk
2020-03,Iolmekugg Wqeevsjb
2020-03,Iqtloru Qbsmompovnt
2020-03,Itxpurka Gjule
2020-03,Ivqsfovoneug Rfogfrbjq
2020-03,Iyuzpi Mgaircstyjee
2020-03,Jfnbtywtnqke Hbrrdnppuodl
2020-03,Jiitikp Mouadqmgcq
2020-03,Jnkgcq Rkioy
2020-03,Jzwtbs Mfpebaqxqd
2020-03,Kcwfleaorta Klcmfo
2020-03,Kddxaqgu Yxufpnpog
2020-03,Kvrpw Ihldkv
2020-03,Kxwpb Pfowemfvpsif
2020-03,Lamqclg Nllpoma
2020-03,Learh Mqbyhbuei
2020-03,Llebnbpiktrb Vkcpurlyh
2020-03,Lteigyzpyi Rphubfngtt
2020-03,Mfauzvrfzue Ewacyjmkm
2020-03,Micfzwsp Rcidwxch
2020-03,Mrbmnnzb Kbfvwrq
2020-03,Mwiophnj Beqgggwawax
2020-03,Ndsugditw Vltawu
2020-03,Neeymzjd Yizjtqihnyhl
2020-03,Nrdnta Simucmc
2020-03,Nxdxqsuegejr Qmjeybj
2020-03,Oisbtvkwhneh Oxvouz
2020-03,Oqgkxeej Zraajetpipaz
2020-03,Oszhyj Emfiyp
2020-03,Pkeljj Jhiccy
2020-03,Pqjbt Ciwofscgapv
2020-03,Pznhm Dwilzo
2020-03,Qaemb Sqoinga
2020-03,Qbgtohh Cxozkksaobvb
2020-03,Qhexqdhynpk Thjch
2020-03,Qjppprgzkdhj Igshamvcndl
2020-03,Qxegijmxx Utzijoq
2020-03,Resofhm Zrbebubmppcw
2020-03,Rlwjkxod Wvaxceej
2020-03,Rxqarjkovh Qzgdi
2020-03,Rzucmrkxheto Pyzvftroxe
2020-03,Sjsaqvke Wpecmlupmea
2020-03,Spetibcfcfj Wtmoai
2020-03,Suksgurnnmok Mcvkj
2020-03,Tbazgcppx Pdkbgihnivll
2020-03,Tdcihbdfh Klcuvuu
2020-03,Tgcgw Gopozb
2020-03,Tleaqrbg Zaqnamg
2020-03,Tpycu Uqfqcbqgs
2020-03,Ttpzgkhk Vuzsf
2020-03,Tyvwgriycve Tbjkamolf
2020-03,Ueicy Wvqrio
2020-03,Ukezqfewppal Mucwfcsh
2020-03,Unymibqs Fvvdblhx
2020-03,Uskqcxacvmsa Wbdvcuif
2020-03,Vgfsddw Ekuvj
2020-03,Vwgjscsblo Vwtxikhodp
2020-03,Wbokimm Piigt
2020-03,Whqxtdkbcpok Goiosa
2020-03,Wjaguxf Iictegytglz
2020-03,Wpgloyzaneu Xfjivn
2020-03,Wtvigrhqhrq Dzywuhwsl
2020-03,Wxitdj Vbzefhoqb
2020-03,Xwccusg Fmvpvdj
2020-03,Xwsaija Oiqcjawmz
2020-03,Yuhirh Bymybw
2020-03,Zavbzvmsjw Ufjetyk
2020-03,Zwknsdimjn Sqapnfutfv
2020-04,Agendeuef Ztasqwwcobi
2020-04,Ahhjew Aphpea
2020-04,Akxcxrgsqi Adyujxu
2020-04,Ambmxivw Wbwuywi
2020-04,Atgvpsut Dmkugbzhs
2020-04,Awijj Flwfudrbwv
2020-04,Bjqjh Jctnmpmab
2020-04,Bkpzzfrgpmyl Xssaahvrgh
2020-04,Blpfnrarzvh Nmcpu
2020-04,Bperp Wzxhxmknxfwp
2020-04,Chjzjlhrufdc Ehnifr
2020-04,Cyolckpkc Jtgmnpahrq
2020-04,Dfbwuay Kmygyknmnzm
2020-04,Dpvhyb Xsowiixeadtc
2020-04,Endbyg Leoglsgc
2020-04,Fghkacepsy Ekecm
2020-04,Fjciarx Roxavdjmch
2020-04,Fmoflf Rnaftrxndufq
2020-04,Fyhdgjugnomq Mguts
2020-04,Ggatwkenwo Qfgbxmkd
2020-04,Gjqwmmvzj Kjdcxtdbve
2020-04,Gsntipv Edxidhknagpa
2020-04,Gwvwinuyengt Ggrxneylmwzk
2020-04,Gysclglunyw Cypmwza
2020-04,Hehpffxvvg Segwgluxch
2020-04,Hrutqqrlf Txxnbz
2020-04,Htjusuwwvqd Xcnlkrdab
2020-04,Huclfip Wswpxe
2020-04,Hyeiify Vsrnipvocn
2020-04,Hyiuisxrvhzr Ysykowrqamt
2020-04,Imiaytu Acrvasmrw
2020-04,Imqoj Hryalk
2020-04,Iolmekugg Wqeevsjb
2020-04,Iqtloru Qbsmompovnt
2020-04,Itxpurka Gjule
2020-04,Ivqsfovoneug Rfogfrbjq
2020-04,Iyuzpi Mgaircstyjee
2020-04,Jfnbtywtnqke Hbrrdnppuodl
2020-04,Jiitikp Mouadqmgcq
2020-04,Jnkgcq Rkioy
2020-04,Jzwtbs Mfpebaqxqd
2020-04,Kcwfleaorta Klcmfo
2020-04,Kddxaqgu Yxufpnpog
2020-04,Kvrpw Ihldkv
2020-04,Kxwpb Pfowemfvpsif
2020-04,Lamqclg Nllpoma
2020-04,Learh Mqbyhbuei
2020-04,Llebnbpiktrb Vkcpurlyh
2020-04,Lteigyzpyi Rphubfngtt
2020-04,Mfauzvrfzue Ewacyjmkm
2020-04,Micfzwsp Rcidwxch
2020-04,Mrbmnnzb Kbfvwrq
2020-04,Mwiophnj Beqgggwawax
2020-04,Ndsugditw Vltawu
2020-04,Neeymzjd Yizjtqihnyhl
2020-04,Nrdnta Simucmc
2020-04,Nxdxqsuegejr Qmjeybj
2020-04,Oisbtvkwhneh Oxvouz
2020-04,Oqgkxeej Zraajetpipaz
2020-04,Oszhyj Emfiyp
2020-04,Pkeljj Jhiccy
2020-04,Pqjbt Ciwofscgapv
2020-04,Pznhm Dwilzo
2020-04,Qaemb Sqoinga
2020-04,Qbgtohh Cxozkksaobvb
2020-04,Qhexqdhynpk Thjch
2020-04,Qjppprgzkdhj Igshamvcndl
2020-04,Qxegijmxx Utzijoq
2020-04,Resofhm Zrbebubmppcw
2020-04,Rlwjkxod Wvaxceej
2020-04,Rxqarjkovh Qzgdi
2020-04,Rzucmrkxheto Pyzvftroxe
2020-04,Sjsaqvke Wpecmlupmea
2020-04,Spetibcfcfj Wtmoai
2020-04,Suksgurnnmok Mcvkj
2020-04,Tbazgcppx Pdkbgihnivll
2020-04,Tdcihbdfh Klcuvuu
2020-04,Tgcgw Gopozb
2020-04,Tleaqrbg Zaqnamg
2020-04,Tpycu Uqfqcbqgs
2020-04,Ttpzgkhk Vuzsf
2020-04,Tyvwgriycve Tbjkamolf
2020-04,Ueicy Wvqrio
2020-04,Ukezqfewppal Mucwfcsh
2020-04,Unymibqs Fvvdblhx
2020-04,Uskqcxacvmsa Wbdvcuif
2020-04,Vgfsddw Ekuvj
2020-04,Vwgjscsblo Vwtxikhodp
2020-04,Wbokimm Piigt
2020-04,Whqxtdkbcpok Goiosa
2020-04,Wjaguxf Iictegytglz
2020-04,Wpgloyzaneu Xfjivn
2020-04,Wtvigrhqhrq Dzywuhwsl
2020-04,Wxitdj Vbzefhoqb
2020-04,Xwccusg Fmvpvdj
2020-04,Xwsaija Oiqcjawmz
2020-04,Yuhirh Bymybw
2020-04,Zavbzvmsjw Ufjetyk
2020-04,Zwknsdimjn Sqapnfutfv
2020-05,Agendeuef Ztasqwwcobi
2020-05,Ahhjew Aphpea
2020-05,Akxcxrgsqi Adyujxu
2020-05,Ambmxivw Wbwuywi
2020-05,Atgvpsut Dmkugbzhs
2020-05,Awijj Flwfudrbwv
2020-05,Bjqjh Jctnmpmab
2020-05,Bkpzzfrgpmyl Xssaahvrgh
2020-05,Blpfnrarzvh Nmcpu
2020-05,Bperp Wzxhxmknxfwp
2020-05,Chjzjlhrufdc Ehnifr
2020-05,Cyolckpkc Jtgmnpahrq
2020-05,Dfbwuay Kmygyknmnzm
2020-05,Dpvhyb Xsowiixeadtc
2020-05,Endbyg Leoglsgc
2020-05,Fghkacepsy Ekecm
2020-05,Fjciarx Roxavdjmch
2020-05,Fmoflf Rnaftrxndufq
2020-05,Fyhdgjugnomq Mguts
2020-05,Ggatwkenwo Qfgbxmkd
2020-05,Gjqwmmvzj Kjdcxtdbve
2020-05,Gsntipv Edxidhknagpa
2020-05,Gwvwinuyengt Ggrxneylmwzk
2020-05,Gysclglunyw Cypmwza
2020-05,Hehpffxvvg Segwgluxch
2020-05,Hrutqqrlf Txxnbz
2020-05,Htjusuwwvqd Xcnlkrdab
2020-05,Huclfip Wswpxe
2020-05,Hyeiify Vsrnipvocn
2020-05,Hyiuisxrvhzr Ysykowrqamt
2020-05,Imiaytu Acrvasmrw
2020-05,Imqoj Hryalk
2020-05,Iolmekugg Wqeevsjb
2020-05,Iqtloru Qbsmompovnt
2020-05,Itxpurka Gjule
2020-05,Ivqsfovoneug Rfogfrbjq
2020-05,Iyuzpi Mgaircstyjee
2020-05,Jfnbtywtnqke Hbrrdnppuodl
2020-05,Jiitikp Mouadqmgcq
2020-05,Jnkgcq Rkioy
2020-05,Jzwtbs Mfpebaqxqd
2020-05,Kcwfleaorta Klcmfo
2020-05,Kddxaqgu Yxufpnpog
2020-05,Kvrpw Ihldkv
2020-05,Kxwpb Pfowemfvpsif
2020-05,Lamqclg Nllpoma
2020-05,Learh Mqbyhbuei
2020-05,Llebnbpiktrb Vkcpurlyh
2020-05,Lteigyzpyi Rphubfngtt
2020-05,Mfauzvrfzue Ewacyjmkm
2020-05,Micfzwsp Rcidwxch
2020-05,Mrbmnnzb Kbfvwrq
2020-05,Mwiophnj Beqgggwawax
2020-05,Ndsugditw Vltawu
2020-05,Neeymzjd Yizjtqihnyhl
2020-05,Nrdnta Simucmc
2020-05,Nxdxqsuegejr Qmjeybj
2020-05,Oisbtvkwhneh Oxvouz
2020-05,Oqgkxeej Zraajetpipaz
2020-05,Oszhyj Emfiyp
2020-05,Pkeljj Jhiccy
2020-05,Pqjbt Ciwofscgapv
2020-05,Pznhm Dwilzo
2020-05,Qaemb Sqoinga
2020-05,Qbgtohh Cxozkksaobvb
2020-05,Qhexqdhynpk Thjch
2020-05,Qjppprgzkdhj Igshamvcndl
2020-05,Qxegijmxx Utzijoq
2020-05,Resofhm Zrbebubmppcw
2020-05,Rlwjkxod Wvaxceej
2020-05,Rxqarjkovh Qzgdi
2020-05,Rzucmrkxheto Pyzvftroxe
2020-05,Sjsaqvke Wpecmlupmea
2020-05,Spetibcfcfj Wtmoai
2020-05,Suksgurnnmok Mcvkj
2020-05,Tbazgcppx Pdkbgihnivll
2020-05,Tdcihbdfh Klcuvuu
2020-05,Tgcgw Gopozb
2020-05,Tleaqrbg Zaqnamg
2020-05,Tpycu Uqfqcbqgs
2020-05,Ttpzgkhk Vuzsf
2020-05,Tyvwgriycve Tbjkamolf
2020-05,Ueicy Wvqrio
2020-05,Ukezqfewppal Mucwfcsh
2020-05,Unymibqs Fvvdblhx
2020-05,Uskqcxacvmsa Wbdvcuif
2020-05,Vgfsddw Ekuvj
2020-05,Vwgjscsblo Vwtxikhodp
2020-05,Wbokimm Piigt
2020-05,Whqxtdkbcpok Goiosa
2020-05,Wjaguxf Iictegytglz
2020-05,Wpgloyzaneu Xfjivn
2020-05,Wtvigrhqhrq Dzywuhwsl
2020-05,Wxitdj Vbzefhoqb
2020-05,Xwccusg Fmvpvdj
2020-05,Xwsaija Oiqcjawmz
2020-05,Yuhirh Bymybw
2020-05,Zavbzvmsjw Ufjetyk
2020-05,Zwknsdimjn Sqapnfutfv
2020-06,Agendeuef Ztasqwwcobi
2020-06,Ahhjew Aphpea
2020-06,Akxcxrgsqi Adyujxu
2020-06,Ambmxivw Wbwuywi
2020-06,Atgvpsut Dmkugbzhs
2020-06,Awijj Flwfudrbwv
2020-06,Bjqjh Jctnmpmab
2020-06,Bkpzzfrgpmyl Xssaahvrgh
2020-06,Blpfnrarzvh Nmcpu
2020-06,Bperp Wzxhxmknxfwp
2020-06,Chjzjlhrufdc Ehnifr
2020-06,Cyolckpkc Jtgmnpahrq
2020-06,Dfbwuay Kmygyknmnzm
2020-06,Dpvhyb Xsowiixeadtc
2020-06,Endbyg Leoglsgc
2020-06,Fghkacepsy Ekecm
2020-06,Fjciarx Roxavdjmch
2020-06,Fmoflf Rnaftrxndufq
2020-06,Fyhdgjugnomq Mguts
2020-06,Ggatwkenwo Qfgbxmkd
2020-06,Gjqwmmvzj Kjdcxtdbve
2020-06,Gsntipv Edxidhknagpa
2020-06,Gwvwinuyengt Ggrxneylmwzk
2020-06,Gysclglunyw Cypmwza
2020-06,Hehpffxvvg Segwgluxch
2020-06,Hrutqqrlf Txxnbz
2020-06,Htjusuwwvqd Xcnlkrdab
2020-06,Huclfip Wswpxe
2020-06,Hyeiify Vsrnipvocn
2020-06,Hyiuisxrvhzr Ysykowrqamt
2020-06,Imiaytu Acrvasmrw
2020-06,Imqoj Hryalk
2020-06,Iolmekugg Wqeevsjb
2020-06,Iqtloru Qbsmompovnt
2020-06,Itxpurka Gjule
2020-06,Ivqsfovoneug Rfogfrbjq
2020-06,Iyuzpi Mgaircstyjee
2020-06,Jfnbtywtnqke Hbrrdnppuodl
2020-06,Jiitikp Mouadqmgcq
2020-06,Jnkgcq Rkioy
2020-06,Jzwtbs Mfpebaqxqd
2020-06,Kcwfleaorta Klcmfo
2020-06,Kddxaqgu Yxufpnpog
2020-06,Kvrpw Ihldkv
2020-06,Kxwpb Pfowemfvpsif
2020-06,Lamqclg Nllpoma
2020-06,Learh Mqbyhbuei
2020-06,Llebnbpiktrb Vkcpurlyh
2020-06,Lteigyzpyi Rphubfngtt
2020-06,Mfauzvrfzue Ewacyjmkm
2020-06,Micfzwsp Rcidwxch
2020-06,Mrbmnnzb Kbfvwrq
2020-06,Mwiophnj Beqgggwawax
2020-06,Ndsugditw Vltawu
2020-06,Neeymzjd Yizjtqihnyhl
2020-06,Nrdnta Simucmc
2020-06,Nxdxqsuegejr Qmjeybj
2020-06,Oisbtvkwhneh Oxvouz
2020-06,Oqgkxeej Zraajetpipaz
2020-06,Oszhyj Emfiyp
2020-06,Pkeljj Jhiccy
2020-06,Pqjbt Ciwofscgapv
2020-06,Pznhm Dwilzo
2020-06,Qaemb Sqoinga
2020-06,Qbgtohh Cxozkksaobvb
2020-06,Qhexqdhynpk Thjch
2020-06,Qjppprgzkdhj Igshamvcndl
2020-06,Qxegijmxx Utzijoq
2020-06,Resofhm Zrbebubmppcw
2020-06,Rlwjkxod Wvaxceej
2020-06,Rxqarjkovh Qzgdi
2020-06,Rzucmrkxheto Pyzvftroxe
2020-06,Sjsaqvke Wpecmlupmea
2020-06,Spetibcfcfj Wtmoai
2020-06,Suksgurnnmok Mcvkj
2020-06,Tbazgcppx Pdkbgihnivll
2020-06,Tdcihbdfh Klcuvuu
2020-06,Tgcgw Gopozb
2020-06,Tleaqrbg Zaqnamg
2020-06,Tpycu Uqfqcbqgs
2020-06,Ttpzgkhk Vuzsf
2020-06,Tyvwgriycve Tbjkamolf
2020-06,Ueicy Wvqrio
2020-06,Ukezqfewppal Mucwfcsh
2020-06,Unymibqs Fvvdblhx
2020-06,Uskqcxacvmsa Wbdvcuif
2020-06,Vgfsddw Ekuvj
2020-06,Vwgjscsblo Vwtxikhodp
2020-06,Wbokimm Piigt
2020-06,Whqxtdkbcpok Goiosa
2020-06,Wjaguxf Iictegytglz
2020-06,Wpgloyzaneu Xfjivn
2020-06,Wtvigrhqhrq Dzywuhwsl
2020-06,Wxitdj Vbzefhoqb
2020-06,Xwccusg Fmvpvdj
2020-06,Xwsaija Oiqcjawmz
2020-06,Yuhirh Bymybw
2020-06,Zavbzvmsjw Ufjetyk
2020-06,Zwknsdimjn Sqapnfutfv
2020-07,Agendeuef Ztasqwwcobi
2020-07,Ahhjew Aphpea
2020-07,Akxcxrgsqi Adyujxu
2020-07,Ambmxivw Wbwuywi
2020-07,Atgvpsut Dmkugbzhs
2020-07,Awijj Flwfudrbwv
2020-07,Bjqjh Jctnmpmab
2020-07,Bkpzzfrgpmyl Xssaahvrgh
2020-07,Blpfnrarzvh Nmcpu
2020-07,Bperp Wzxhxmknxfwp
2020-07,Chjzjlhrufdc Ehnifr
2020-07,Cyolckpkc Jtgmnpahrq
2020-07,Dfbwuay Kmygyknmnzm
2020-07,Dpvhyb Xsowiixeadtc
2020-07,Endbyg Leoglsgc
2020-07,Fghkacepsy Ekecm
2020-07,Fjciarx Roxavdjmch
2020-07,Fmoflf Rnaftrxndufq
2020-07,Fyhdgjugnomq Mguts
2020-07,Ggatwkenwo Qfgbxmkd
2020-07,Gjqwmmvzj Kjdcxtdbve
2020-07,Gsntipv Edxidhknagpa
2020-07,Gwvwinuyengt Ggrxneylmwzk
2020-07,Gysclglunyw Cypmwza
2020-07,Hehpffxvvg Segwgluxch
2020-07,Hrutqqrlf Txxnbz
2020-07,Htjusuwwvqd Xcnlkrdab
2020-07,Huclfip Wswpxe
2020-07,Hyeiify Vsrnipvocn
2020-07,Hyiuisxrvhzr Ysykowrqamt
2020-07,Imiaytu Acrvasmrw
2020-07,Imqoj Hryalk
2020-07,Iolmekugg Wqeevsjb
2020-07,Iqtloru Qbsmompovnt
2020-07,Itxpurka Gjule
2020-07,Ivqsfovoneug Rfogfrbjq
2020-07,Iyuzpi Mgaircstyjee
2020-07,Jfnbtywtnqke Hbrrdnppuodl
2020-07,Jiitikp Mouadqmgcq
2020-07,Jnkgcq Rkioy
2020-07,Jzwtbs Mfpebaqxqd
2020-07,Kcwfleaorta Klcmfo
2020-07,Kddxaqgu Yxufpnpog
2020-07,Kvrpw Ihldkv
2020-07,Kxwpb Pfowemfvpsif
2020-07,Lamqclg Nllpoma
2020-07,Learh Mqbyhbuei
2020-07,Llebnbpiktrb Vkcpurlyh
2020-07,Lteigyzpyi Rphubfngtt
2020-07,Mfauzvrfzue Ewacyjmkm
2020-07,Micfzwsp Rcidwxch
2020-07,Mrbmnnzb Kbfvwrq
2020-07,Mwiophnj Beqgggwawax
2020-07,Ndsugditw Vltawu
2020-07,Neeymzjd Yizjtqihnyhl
2020-07,Nrdnta Simucmc
2020-07,Nxdxqsuegejr Qmjeybj
2020-07,Oisbtvkwhneh Oxvouz
2020-07,Oqgkxeej Zraajetpipaz
2020-07,Oszhyj Emfiyp
2020-07,Pkeljj Jhiccy
2020-07,Pqjbt Ciwofscgapv
2020-07,Pznhm Dwilzo
2020-07,Qaemb Sqoinga
2020-07,Qbgtohh Cxozkksaobvb
2020-07,Qhexqdhynpk Thjch
2020-07,Qjppprgzkdhj Igshamvcndl
2020-07,Qxegijmxx Utzijoq
2020-07,Resofhm Zrbebubmppcw
2020-07,Rlwjkxod Wvaxceej
2020-07,Rxqarjkovh Qzgdi
2020-07,Rzucmrkxheto Pyzvftroxe
2020-07,Sjsaqvke Wpecmlupmea
2020-07,Spetibcfcfj Wtmoai
2020-07,Suksgurnnmok Mcvkj
2020-07,Tbazgcppx Pdkbgihnivll
2020-07,Tdcihbdfh Klcuvuu
2020-07,Tgcgw Gopozb
2020-07,Tleaqrbg Zaqnamg
2020-07,Tpycu Uqfqcbqgs
2020-07,Ttpzgkhk Vuzsf
2020-07,Tyvwgriycve Tbjkamolf
2020-07,Ueicy Wvqrio
2020-07,Ukezqfewppal Mucwfcsh
2020-07,Unymibqs Fvvdblhx
2020-07,Uskqcxacvmsa Wbdvcuif
2020-07,Vgfsddw Ekuvj
2020-07,Vwgjscsblo Vwtxikhodp
2020-07,Wbokimm Piigt
2020-07,Whqxtdkbcpok Goiosa
2020-07,Wjaguxf Iictegytglz
2020-07,Wpgloyzaneu Xfjivn
2020-07,Wtvigrhqhrq Dzywuhwsl
2020-07,Wxitdj Vbzefhoqb
2020-07,Xwccusg Fmvpvdj
2020-07,Xwsaija Oiqcjawmz
2020-07,Yuhirh Bymybw
2020-07,Zavbzvmsjw Ufjetyk
2020-07,Zwknsdimjn Sqapnfutfv
2020-08,Agendeuef Ztasqwwcobi
2020-08,Ahhjew Aphpea
2020-08,Akxcxrgsqi Adyujxu
2020-08,Ambmxivw Wbwuywi
2020-08,Atgvpsut Dmkugbzhs
2020-08,Awijj Flwfudrbwv
2020-08,Bjqjh Jctnmpmab
2020-08,Bkpzzfrgpmyl Xssaahvrgh
2020-08,Blpfnrarzvh Nmcpu
2020-08,Bperp Wzxhxmknxfwp
2020-08,Chjzjlhrufdc Ehnifr
2020-08,Cyolckpkc Jtgmnpahrq
2020-08,Dfbwuay Kmygyknmnzm
2020-08,Dpvhyb Xsowiixeadtc
2020-08,Endbyg Leoglsgc
2020-08,Fghkacepsy Ekecm
2020-08,Fjciarx Roxavdjmch
2020-08,Fmoflf Rnaftrxndufq
2020-08,Fyhdgjugnomq Mguts
2020-08,Ggatwkenwo Qfgbxmkd
2020-08,Gjqwmmvzj Kjdcxtdbve
2020-08,Gsntipv Edxidhknagpa
2020-08,Gwvwinuyengt Ggrxneylmwzk
2020-08,Gysclglunyw Cypmwza
2020-08,Hehpffxvvg Segwgluxch
2020-08,Hrutqqrlf Txxnbz
2020-08,Htjusuwwvqd Xcnlkrdab
2020-08,Huclfip Wswpxe
2020-08,Hyeiify Vsrnipvocn
2020-08,Hyiuisxrvhzr Ysykowrqamt
2020-08,Imiaytu Acrvasmrw
2020-08,Imqoj Hryalk
2020-08,Iolmekugg Wqeevsjb
2020-08,Iqtloru Qbsmompovnt
2020-08,Itxpurka Gjule
2020-08,Ivqsfovoneug Rfogfrbjq
2020-08,Iyuzpi Mgaircstyjee
2020-08,Jfnbtywtnqke Hbrrdnppuodl
2020-08,Jiitikp Mouadqmgcq
2020-08,Jnkgcq Rkioy
2020-08,Jzwtbs Mfpebaqxqd
2020-08,Kcwfleaorta Klcmfo
2020-08,Kddxaqgu Yxufpnpog
2020-08,Kvrpw Ihldkv
2020-08,Kxwpb Pfowemfvpsif
2020-08,Lamqclg Nllpoma
2020-08,Learh Mqbyhbuei
2020-08,Llebnbpiktrb Vkcpurlyh
2020-08,Lteigyzpyi Rphubfngtt
2020-08,Mfauzvrfzue Ewacyjmkm
2020-08,Micfzwsp Rcidwxch
2020-08,Mrbmnnzb Kbfvwrq
2020-08,Mwiophnj Beqgggwawax
2020-08,Ndsugditw Vltawu
2020-08,Neeymzjd Yizjtqihnyhl
2020-08,Nrdnta Simucmc
2020-08,Nxdxqsuegejr Qmjeybj
2020-08,Oisbtvkwhneh Oxvouz
2020-08,Oqgkxeej Zraajetpipaz
2020-08,Oszhyj Emfiyp
2020-08,Pkeljj Jhiccy
2020-08,Pqjbt Ciwofscgapv
2020-08,Pznhm Dwilzo
2020-08,Qaemb Sqoinga
2020-08,Qbgtohh Cxozkksaobvb
2020-08,Qhexqdhynpk Thjch
2020-08,Qjppprgzkdhj Igshamvcndl
2020-08,Qxegijmxx Utzijoq
2020-08,Resofhm Zrbebubmppcw
2020-08,Rlwjkxod Wvaxceej
2020-08,Rxqarjkovh Qzgdi
2020-08,Rzucmrkxheto Pyzvftroxe
2020-08,Sjsaqvke Wpecmlupmea
2020-08,Spetibcfcfj Wtmoai
2020-08,Suksgurnnmok Mcvkj
2020-08,Tbazgcppx Pdkbgihnivll
2020-08,Tdcihbdfh Klcuvuu
2020-08,Tgcgw Gopozb
2020-08,Tleaqrbg Zaqnamg
2020-08,Tpycu Uqfqcbqgs
2020-08,Ttpzgkhk Vuzsf
2020-08,Tyvwgriycve Tbjkamolf
2020-08,Ueicy Wvqrio
2020-08,Ukezqfewppal Mucwfcsh
2020-08,Unymibqs Fvvdblhx
2020-08,Uskqcxacvmsa Wbdvcuif
2020-08,Vgfsddw Ekuvj
2020-08,Vwgjscsblo Vwtxikhodp
2020-08,Wbokimm Piigt
2020-08,Whqxtdkbcpok Goiosa
2020-08,Wjaguxf Iictegytglz
2020-08,Wpgloyzaneu Xfjivn
2020-08,Wtvigrhqhrq Dzywuhwsl
2020-08,Wxitdj Vbzefhoqb
2020-08,Xwccusg Fmvpvdj
2020-08,Xwsaija Oiqcjawmz
2020-08,Yuhirh Bymybw
2020-08,Zavbzvmsjw Ufjetyk
2020-08,Zwknsdimjn Sqapnfutfv
2020-09,Agendeuef Ztasqwwcobi
2020-09,Ahhjew Aphpea
2020-09,Akxcxrgsqi Adyujxu
2020-09,Ambmxivw Wbwuywi
2020-09,Atgvpsut Dmkugbzhs
2020-09,Awijj Flwfudrbwv
2020-09,Bjqjh Jctnmpmab
2020-09,Bkpzzfrgpmyl Xssaahvrgh
2020-09,Blpfnrarzvh Nmcpu
2020-09,Bperp Wzxhxmknxfwp
2020-09,Chjzjlhrufdc Ehnifr
2020-09,Cyolckpkc Jtgmnpahrq
2020-09,Dfbwuay Kmygyknmnzm
2020-09,Dpvhyb Xsowiixeadtc
2020-09,Endbyg Leoglsgc
2020-09,Fghkacepsy Ekecm
2020-09,Fjciarx Roxavdjmch
2020-09,Fmoflf Rnaftrxndufq
2020-09,Fyhdgjugnomq Mguts
2020-09,Ggatwkenwo Qfgbxmkd
2020-09,Gjqwmmvzj Kjdcxtdbve
2020-09,Gsntipv Edxidhknagpa
2020-09,Gwvwinuyengt Ggrxneylmwzk
2020-09,Gysclglunyw Cypmwza
2020-09,Hehpffxvvg Segwgluxch
2020-09,Hrutqqrlf Txxnbz
2020-09,Htjusuwwvqd Xcnlkrdab
2020-09,Huclfip Wswpxe
2020-09,Hyeiify Vsrnipvocn
2020-09,Hyiuisxrvhzr Ysykowrqamt
2020-09,Imiaytu Acrvasmrw
2020-09,Imqoj Hryalk
2020-09,Iolmekugg Wqeevsjb
2020-09,Iqtloru Qbsmompovnt
2020-09,Itxpurka Gjule
2020-09,Ivqsfovoneug Rfogfrbjq
2020-09,Iyuzpi Mgaircstyjee
2020-09,Jfnbtywtnqke Hbrrdnppuodl
2020-09,Jiitikp Mouadqmgcq
2020-09,Jnkgcq Rkioy
2020-09,Jzwtbs Mfpebaqxqd
2020-09,Kcwfleaorta Klcmfo
2020-09,Kddxaqgu Yxufpnpog
2020-09,Kvrpw Ihldkv
2020-09,Kxwpb Pfowemfvpsif
2020-09,Lamqclg Nllpoma
2020-09,Learh Mqbyhbuei
2020-09,Llebnbpiktrb Vkcpurlyh
2020-09,Lteigyzpyi Rphubfngtt
2020-09,Mfauzvrfzue Ewacyjmkm
2020-09,Micfzwsp Rcidwxch
2020-09,Mrbmnnzb Kbfvwrq
2020-09,Mwiophnj Beqgggwawax
2020-09,Ndsugditw Vltawu
2020-09,Neeymzjd Yizjtqihnyhl
2020-09,Nrdnta Simucmc
2020-09,Nxdxqsuegejr Qmjeybj
2020-09,Oisbtvkwhneh Oxvouz
2020-09,Oqgkxeej Zraajetpipaz
2020-09,Oszhyj Emfiyp
2020-09,Pkeljj Jhiccy
2020-09,Pqjbt Ciwofscgapv
2020-09,Pznhm Dwilzo
2020-09,Qaemb Sqoinga
2020-09,Qbgtohh Cxozkksaobvb
2020-09,Qhexqdhynpk Thjch
2020-09,Qjppprgzkdhj Igshamvcndl
2020-09,Qxegijmxx Utzijoq
2020-09,Resofhm Zrbebubmppcw
2020-09,Rlwjkxod Wvaxceej
2020-09,Rxqarjkovh Qzgdi
2020-09,Rzucmrkxheto Pyzvftroxe
2020-09,Sjsaqvke Wpecmlupmea
2020-09,Spetibcfcfj Wtmoai
2020-09,Suksgurnnmok Mcvkj
2020-09,Tbazgcppx Pdkbgihnivll
2020-09,Tdcihbdfh Klcuvuu
2020-09,Tgcgw Gopozb
2020-09,Tleaqrbg Zaqnamg
2020-09,Tpycu Uqfqcbqgs
2020-09,Ttpzgkhk Vuzsf
2020-09,Tyvwgriycve Tbjkamolf
2020-09,Ueicy Wvqrio
2020-09,Ukezqfewppal Mucwfcsh
2020-09,Unymibqs Fvvdblhx
2020-09,Uskqcxacvmsa Wbdvcuif
2020-09,Vgfsddw Ekuvj
2020-09,Vwgjscsblo Vwtxikhodp
2020-09,Wbokimm Piigt
2020-09,Whqxtdkbcpok Goiosa
2020-09,Wjaguxf Iictegytglz
2020-09,Wpgloyzaneu Xfjivn
2020-09,Wtvigrhqhrq Dzywuhwsl
2020-09,Wxitdj Vbzefhoqb
2020-09,Xwccusg Fmvpvdj
2020-09,Xwsaija Oiqcjawmz
2020-09,Yuhirh Bymybw
2020-09,Zavbzvmsjw Ufjetyk
2020-09,Zwknsdimjn Sqapnfutfv
2020-10,Agendeuef Ztasqwwcobi
2020-10,Ahhjew Aphpea
2020-10,Akxcxrgsqi Adyujxu
2020-10,Ambmxivw Wbwuywi
2020-10,Atgvpsut Dmkugbzhs
2020-10,Awijj Flwfudrbwv
2020-10,Bjqjh Jctnmpmab
2020-10,Bkpzzfrgpmyl Xssaahvrgh
2020-10,Blpfnrarzvh Nmcpu
2020-10,Bperp Wzxhxmknxfwp
2020-10,Chjzjlhrufdc Ehnifr
2020-10,Cyolckpkc Jtgmnpahrq
2020-10,Dfbwuay Kmygyknmnzm
2020-10,Dpvhyb Xsowiixeadtc
2020-10,Endbyg Leoglsgc
2020-10,Fghkacepsy Ekecm
2020-10,Fjciarx Roxavdjmch
2020-10,Fmoflf Rnaftrxndufq
2020-10,Fyhdgjugnomq Mguts
2020-10,Ggatwkenwo Qfgbxmkd
2020-10,Gjqwmmvzj Kjdcxtdbve
2020-10,Gsntipv Edxidhknagpa
2020-10,Gwvwinuyengt Ggrxneylmwzk
2020-10,Gysclglunyw Cypmwza
2020-10,Hehpffxvvg Segwgluxch
2020-10,Hrutqqrlf Txxnbz
2020-10,Htjusuwwvqd Xcnlkrdab
2020-10,Huclfip Wswpxe
2020-10,Hyeiify Vsrnipvocn
2020-10,Hyiuisxrvhzr Ysykowrqamt
2020-10,Imiaytu Acrvasmrw
2020-10,Imqoj Hryalk
2020-10,Iolmekugg Wqeevsjb
2020-10,Iqtloru Qbsmompovnt
2020-10,Itxpurka Gjule
2020-10,Ivqsfovoneug Rfogfrbjq
2020-10,Iyuzpi Mgaircstyjee
2020-10,Jfnbtywtnqke Hbrrdnppuodl
2020-10,Jiitikp Mouadqmgcq
2020-10,Jnkgcq Rkioy
2020-10,Jzwtbs Mfpebaqxqd
2020-10,Kcwfleaorta Klcmfo
2020-10,Kddxaqgu Yxufpnpog
2020-10,Kvrpw Ihldkv
2020-10,Kxwpb Pfowemfvpsif
2020-10,Lamqclg Nllpoma
2020-10,Learh Mqbyhbuei
2020-10,Llebnbpiktrb Vkcpurlyh
2020-10,Lteigyzpyi Rphubfngtt
2020-10,Mfauzvrfzue Ewacyjmkm
2020-10,Micfzwsp Rcidwxch
2020-10,Mrbmnnzb Kbfvwrq
2020-10,Mwiophnj Beqgggwawax
2020-10,Ndsugditw Vltawu
2020-10,Neeymzjd Yizjtqihnyhl
2020-10,Nrdnta Simucmc
2020-10,Nxdxqsuegejr Qmjeybj
2020-10,Oisbtvkwhneh Oxvouz
2020-10,Oqgkxeej Zraajetpipaz
2020-10,Oszhyj Emfiyp
2020-10,Pkeljj Jhiccy
2020-10,Pqjbt Ciwofscgapv
2020-10,Pznhm Dwilzo
2020-10,Qaemb Sqoinga
2020-10,Qbgtohh Cxozkksaobvb
2020-10,Qhexqdhynpk Thjch
2020-10,Qjppprgzkdhj Igshamvcndl
2020-10,Qxegijmxx Utzijoq
2020-10,Resofhm Zrbebubmppcw
2020-10,Rlwjkxod Wvaxceej
2020-10,Rxqarjkovh Qzgdi
2020-10,Rzucmrkxheto Pyzvftroxe
2020-10,Sjsaqvke Wpecmlupmea
2020-10,Spetibcfcfj Wtmoai
2020-10,Suksgurnnmok Mcvkj
2020-10,Tbazgcppx Pdkbgihnivll
2020-10,Tdcihbdfh Klcuvuu
2020-10,Tgcgw Gopozb
2020-10,Tleaqrbg Zaqnamg
2020-10,Tpycu Uqfqcbqgs
2020-10,Ttpzgkhk Vuzsf
2020-10,Tyvwgriycve Tbjkamolf
2020-10,Ueicy Wvqrio
2020-10,Ukezqfewppal Mucwfcsh
2020-10,Unymibqs Fvvdblhx
2020-10,Uskqcxacvmsa Wbdvcuif
2020-10,Vgfsddw Ekuvj
2020-10,Vwgjscsblo Vwtxikhodp
2020-10,Wbokimm Piigt
2020-10,Whqxtdkbcpok Goiosa
2020-10,Wjaguxf Iictegytglz
2020-10,Wpgloyzaneu Xfjivn
2020-10,Wtvigrhqhrq Dzywuhwsl
2020-10,Wxitdj Vbzefhoqb
2020-10,Xwccusg Fmvpvdj
2020-10,Xwsaija Oiqcjawmz
2020-10,Yuhirh Bymybw
2020-10,Zavbzvmsjw Ufjetyk
2020-10,Zwknsdimjn Sqapnfutfv
2020-11,Agendeuef Ztasqwwcobi
2020-11,Ahhjew Aphpea
2020-11,Akxcxrgsqi Adyujxu
2020-11,Ambmxivw Wbwuywi
2020-11,Atgvpsut Dmkugbzhs
2020-11,Awijj Flwfudrbwv
2020-11,Bjqjh Jctnmpmab
2020-11,Bkpzzfrgpmyl Xssaahvrgh
2020-11,Blpfnrarzvh Nmcpu
2020-11,Bperp Wzxhxmknxfwp
2020-11,Chjzjlhrufdc Ehnifr
2020-11,Cyolckpkc Jtgmnpahrq
2020-11,Dfbwuay Kmygyknmnzm
2020-11,Dpvhyb Xsowiixeadtc
2020-11,Endbyg Leoglsgc
2020-11,Fghkacepsy Ekecm
2020-11,Fjciarx Roxavdjmch
2020-11,Fmoflf Rnaftrxndufq
2020-11,Fyhdgjugnomq Mguts
2020-11,Ggatwkenwo Qfgbxmkd
2020-11,Gjqwmmvzj Kjdcxtdbve
2020-11,Gsntipv Edxidhknagpa
2020-11,Gwvwinuyengt Ggrxneylmwzk
2020-11,Gysclglunyw Cypmwza
2020-11,Hehpffxvvg Segwgluxch
2020-11,Hrutqqrlf Txxnbz
2020-11,Htjusuwwvqd Xcnlkrdab
2020-11,Huclfip Wswpxe
2020-11,Hyeiify Vsrnipvocn
2020-11,Hyiuisxrvhzr Ysykowrqamt
2020-11,Imiaytu Acrvasmrw
2020-11,Imqoj Hryalk
2020-11,Iolmekugg Wqeevsjb
2020-11,Iqtloru Qbsmompovnt
2020-11,Itxpurka Gjule
2020-11,Ivqsfovoneug Rfogfrbjq
2020-11,Iyuzpi Mgaircstyjee
2020-11,Jfnbtywtnqke Hbrrdnppuodl
2020-11,Jiitikp Mouadqmgcq
2020-11,Jnkgcq Rkioy
2020-11,Jzwtbs Mfpebaqxqd
2020-11,Kcwfleaorta Klcmfo
2020-11,Kddxaqgu Yxufpnpog
2020-11,Kvrpw Ihldkv
2020-11,Kxwpb Pfowemfvpsif
2020-11,Lamqclg Nllpoma
2020-11,Learh Mqbyhbuei
2020-11,Llebnbpiktrb Vkcpurlyh
2020-11,Lteigyzpyi Rphubfngtt
2020-11,Mfauzvrfzue Ewacyjmkm
2020-11,Micfzwsp Rcidwxch
2020-11,Mrbmnnzb Kbfvwrq
2020-11,Mwiophnj Beqgggwawax
2020-11,Ndsugditw Vltawu
2020-11,Neeymzjd Yizjtqihnyhl
2020-11,Nrdnta Simucmc
2020-11,Nxdxqsuegejr Qmjeybj
2020-11,Oisbtvkwhneh Oxvouz
2020-11,Oqgkxeej Zraajetpipaz
2020-11,Oszhyj Emfiyp
2020-11,Pkeljj Jhiccy
2020-11,Pqjbt Ciwofscgapv
2020-11,Pznhm Dwilzo
2020-11,Qaemb Sqoinga
2020-11,Qbgtohh Cxozkksaobvb
2020-11,Qhexqdhynpk Thjch
2020-11,Qjppprgzkdhj Igshamvcndl
2020-11,Qxegijmxx Utzijoq
2020-11,Resofhm Zrbebubmppcw
2020-11,Rlwjkxod Wvaxceej
2020-11,Rxqarjkovh Qzgdi
2020-11,Rzucmrkxheto Pyzvftroxe
2020-11,Sjsaqvke Wpecmlupmea
2020-11,Spetibcfcfj Wtmoai
2020-11,Suksgurnnmok Mcvkj
2020-11,Tbazgcppx Pdkbgihnivll
2020-11,Tdcihbdfh Klcuvuu
2020-11,Tgcgw Gopozb
2020-11,Tleaqrbg Zaqnamg
2020-11,Tpycu Uqfqcbqgs
2020-11,Ttpzgkhk Vuzsf
2020-11,Tyvwgriycve Tbjkamolf
2020-11,Ueicy Wvqrio
2020-11,Ukezqfewppal Mucwfcsh
2020-11,Unymibqs Fvvdblhx
2020-11,Uskqcxacvmsa Wbdvcuif
2020-11,Vgfsddw Ekuvj
2020-11,Vwgjscsblo Vwtxikhodp
2020-11,Wbokimm Piigt
2020-11,Whqxtdkbcpok Goiosa
2020-11,Wjaguxf Iictegytglz
2020-11,Wpgloyzaneu Xfjivn
2020-11,Wtvigrhqhrq Dzywuhwsl
2020-11,Wxitdj Vbzefhoqb
2020-11,Xwccusg Fmvpvdj
2020-11,Xwsaija Oiqcjawmz
2020-11,Yuhirh Bymybw
2020-11,Zavbzvmsjw Ufjetyk
2020-11,Zwknsdimjn Sqapnfutfv
2020-12,Agendeuef Ztasqwwcobi
2020-12,Ahhjew Aphpea
2020-12,Akxcxrgsqi Adyujxu
2020-12,Ambmxivw Wbwuywi
2020-12,Atgvpsut Dmkugbzhs
2020-12,Awijj Flwfudrbwv
2020-12,Bjqjh Jctnmpmab
2020-12,Bkpzzfrgpmyl Xssaahvrgh
2020-12,Blpfnrarzvh Nmcpu
2020-12,Bperp Wzxhxmknxfwp
2020-12,Chjzjlhrufdc Ehnifr
2020-12,Cyolckpkc Jtgmnpahrq
2020-12,Dfbwuay Kmygyknmnzm
2020-12,Dpvhyb Xsowiixeadtc
2020-12,Endbyg Leoglsgc
2020-12,Fghkacepsy Ekecm
2020-12,Fjciarx Roxavdjmch
2020-12,Fmoflf Rnaftrxndufq
2020-12,Fyhdgjugnomq Mguts
2020-12,Ggatwkenwo Qfgbxmkd
2020-12,Gjqwmmvzj Kjdcxtdbve
2020-12,Gsntipv Edxidhknagpa
2020-12,Gwvwinuyengt Ggrxneylmwzk
2020-12,Gysclglunyw Cypmwza
2020-12,Hehpffxvvg Segwgluxch
2020-12,Hrutqqrlf Txxnbz
2020-12,Htjusuwwvqd Xcnlkrdab
2020-12,Huclfip Wswpxe
2020-12,Hyeiify Vsrnipvocn
2020-12,Hyiuisxrvhzr Ysykowrqamt
2020-12,Imiaytu Acrvasmrw
2020-12,Imqoj Hryalk
2020-12,Iolmekugg Wqeevsjb
2020-12,Iqtloru Qbsmompovnt
2020-12,Itxpurka Gjule
2020-12,Ivqsfovoneug Rfogfrbjq
2020-12,Iyuzpi Mgaircstyjee
2020-12,Jfnbtywtnqke Hbrrdnppuodl
2020-12,Jiitikp Mouadqmgcq
2020-12,Jnkgcq Rkioy
2020-12,Jzwtbs Mfpebaqxqd
2020-12,Kcwfleaorta Klcmfo
2020-12,Kddxaqgu Yxufpnpog
2020-12,Kvrpw Ihldkv
2020-12,Kxwpb Pfowemfvpsif
2020-12,Lamqclg Nllpoma
2020-12,Learh Mqbyhbuei
2020-12,Llebnbpiktrb Vkcpurlyh
2020-12,Lteigyzpyi Rphubfngtt
2020-12,Mfauzvrfzue Ewacyjmkm
2020-12,Micfzwsp Rcidwxch
2020-12,Mrbmnnzb Kbfvwrq
2020-12,Mwiophnj Beqgggwawax
2020-12,Ndsugditw Vltawu
2020-12,Neeymzjd Yizjtqihnyhl
2020-12,Nrdnta Simucmc
2020-12,Nxdxqsuegejr Qmjeybj
2020-12,Oisbtvkwhneh Oxvouz
2020-12,Oqgkxeej Zraajetpipaz
2020-12,Oszhyj Emfiyp
2020-12,Pkeljj Jhiccy
2020-12,Pqjbt Ciwofscgapv
2020-12,Pznhm Dwilzo
2020-12,Qaemb Sqoinga
2020-12,Qbgtohh Cxozkksaobvb
2020-12,Qhexqdhynpk Thjch
2020-12,Qjppprgzkdhj Igshamvcndl
2020-12,Qxegijmxx Utzijoq
2020-12,Resofhm Zrbebubmppcw
2020-12,Rlwjkxod Wvaxceej
2020-12,Rxqarjkovh Qzgdi
2020-12,Rzucmrkxheto Pyzvftroxe
2020-12,Sjsaqvke Wpecmlupmea
2020-12,Spetibcfcfj Wtmoai
2020-12,Suksgurnnmok Mcvkj
2020-12,Tbazgcppx Pdkbgihnivll
2020-12,Tdcihbdfh Klcuvuu
2020-12,Tgcgw Gopozb
2020-12,Tleaqrbg Zaqnamg
2020-12,Tpycu Uqfqcbqgs
2020-12,Ttpzgkhk Vuzsf
2020-12,Tyvwgriycve Tbjkamolf
2020-12,Ueicy Wvqrio
2020-12,Ukezqfewppal Mucwfcsh
2020-12,Unymibqs Fvvdblhx
2020-12,Uskqcxacvmsa Wbdvcuif
2020-12,Vgfsddw Ekuvj
2020-12,Vwgjscsblo Vwtxikhodp
2020-12,Wbokimm Piigt
2020-12,Whqxtdkbcpok Goiosa
2020-12,Wjaguxf Iictegytglz
2020-12,Wpgloyzaneu Xfjivn
2020-12,Wtvigrhqhrq Dzywuhwsl
2020-12,Wxitdj Vbzefhoqb
2020-12,Xwccusg Fmvpvdj
2020-12,Xwsaija Oiqcjawmz
2020-12,Yuhirh Bymybw
2020-12,Zavbzvmsjw Ufjetyk
2020-12,Zwknsdimjn Sqapnfutfv
2021-01,Agendeuef Ztasqwwcobi
2021-01,Ahhjew Aphpea
2021-01,Akxcxrgsqi Adyujxu
2021-01,Ambmxivw Wbwuywi
2021-01,Atgvpsut Dmkugbzhs
2021-01,Awijj Flwfudrbwv
2021-01,Bjqjh Jctnmpmab
2021-01,Bkpzzfrgpmyl Xssaahvrgh
2021-01,Blpfnrarzvh Nmcpu
2021-01,Bperp Wzxhxmknxfwp
2021-01,Chjzjlhrufdc Ehnifr
2021-01,Cyolckpkc Jtgmnpahrq
2021-01,Dfbwuay Kmygyknmnzm
2021-01,Dpvhyb Xsowiixeadtc
2021-01,Endbyg Leoglsgc
2021-01,Fghkacepsy Ekecm
2021-01,Fjciarx Roxavdjmch
2021-01,Fmoflf Rnaftrxndufq
2021-01,Fyhdgjugnomq Mguts
2021-01,Ggatwkenwo Qfgbxmkd
2021-01,Gjqwmmvzj Kjdcxtdbve
2021-01,Gsntipv Edxidhknagpa
2021-01,Gwvwinuyengt Ggrxneylmwzk
2021-01,Gysclglunyw Cypmwza
2021-01,Hehpffxvvg Segwgluxch
2021-01,Hrutqqrlf Txxnbz
2021-01,Htjusuwwvqd Xcnlkrdab
2021-01,Huclfip Wswpxe
2021-01,Hyeiify Vsrnipvocn
2021-01,Hyiuisxrvhzr Ysykowrqamt
2021-01,Imiaytu Acrvasmrw
2021-01,Imqoj Hryalk
2021-01,Iolmekugg Wqeevsjb
2021-01,Iqtloru Qbsmompovnt
2021-01,Itxpurka Gjule
2021-01,Ivqsfovoneug Rfogfrbjq
2021-01,Iyuzpi Mgaircstyjee
2021-01,Jfnbtywtnqke Hbrrdnppuodl
2021-01,Jiitikp Mouadqmgcq
2021-01,Jnkgcq Rkioy
2021-01,Jzwtbs Mfpebaqxqd
2021-01,Kcwfleaorta Klcmfo
2021-01,Kddxaqgu Yxufpnpog
2021-01,Kvrpw Ihldkv
2021-01,Kxwpb Pfowemfvpsif
2021-01,Lamqclg Nllpoma
2021-01,Learh Mqbyhbuei
2021-01,Llebnbpiktrb Vkcpurlyh
2021-01,Lteigyzpyi Rphubfngtt
2021-01,Mfauzvrfzue Ewacyjmkm
2021-01,Micfzwsp Rcidwxch
2021-01,Mrbmnnzb Kbfvwrq
2021-01,Mwiophnj Beqgggwawax
2021-01,Ndsugditw Vltawu
2021-01,Neeymzjd Yizjtqihnyhl
2021-01,Nrdnta Simucmc
2021-01,Nxdxqsuegejr Qmjeybj
2021-01,Oisbtvkwhneh Oxvouz
2021-01,Oqgkxeej Zraajetpipaz
2021-01,Oszhyj Emfiyp
2021-01,Pkeljj Jhiccy
2021-01,Pqjbt Ciwofscgapv
2021-01,Pznhm Dwilzo
2021-01,Qaemb Sqoinga
2021-01,Qbgtohh Cxozkksaobvb
2021-01,Qhexqdhynpk Thjch
2021-01,Qjppprgzkdhj Igshamvcndl
2021-01,Qxegijmxx Utzijoq
2021-01,Resofhm Zrbebubmppcw
2021-01,Rlwjkxod Wvaxceej
2021-01,Rxqarjkovh Qzgdi
2021-01,Rzucmrkxheto Pyzvftroxe
2021-01,Sjsaqvke Wpecmlupmea
2021-01,Spetibcfcfj Wtmoai
2021-01,Suksgurnnmok Mcvkj
2021-01,Tbazgcppx Pdkbgihnivll
2021-01,Tdcihbdfh Klcuvuu
2021-01,Tgcgw Gopozb
2021-01,Tleaqrbg Zaqnamg
2021-01,Tpycu Uqfqcbqgs
2021-01,Ttpzgkhk Vuzsf
2021-01,Tyvwgriycve Tbjkamolf
2021-01,Ueicy Wvqrio
2021-01,Ukezqfewppal Mucwfcsh
2021-01,Unymibqs Fvvdblhx
2021-01,Uskqcxacvmsa Wbdvcuif
2021-01,Vgfsddw Ekuvj
2021-01,Vwgjscsblo Vwtxikhodp
2021-01,Wbokimm Piigt
2021-01,Whqxtdkbcpok Goiosa
2021-01,Wjaguxf Iictegytglz
2021-01,Wpgloyzaneu Xfjivn
2021-01,Wtvigrhqhrq Dzywuhwsl
2021-01,Wxitdj Vbzefhoqb
2021-01,Xwccusg Fmvpvdj
2021-01,Xwsaija Oiqcjawmz
2021-01,Yuhirh Bymybw
2021-01,Zavbzvmsjw Ufjetyk
2021-01,Zwknsdimjn Sqapnfutfv
2021-02,Agendeuef Ztasqwwcobi
2021-02,Ahhjew Aphpea
2021-02,Akxcxrgsqi Adyujxu
2021-02,Ambmxivw Wbwuywi
2021-02,Atgvpsut Dmkugbzhs
2021-02,Awijj Flwfudrbwv
2021-02,Bjqjh Jctnmpmab
2021-02,Bkpzzfrgpmyl Xssaahvrgh
2021-02,Blpfnrarzvh Nmcpu
2021-02,Bperp Wzxhxmknxfwp
2021-02,Chjzjlhrufdc Ehnifr
2021-02,Cyolckpkc Jtgmnpahrq
2021-02,Dfbwuay Kmygyknmnzm
2021-02,Dpvhyb Xsowiixeadtc
2021-02,Endbyg Leoglsgc
2021-02,Fghkacepsy Ekecm
2021-02,Fjciarx Roxavdjmch
2021-02,Fmoflf Rnaftrxndufq
2021-02,Fyhdgjugnomq Mguts
2021-02,Ggatwkenwo Qfgbxmkd
2021-02,Gjqwmmvzj Kjdcxtdbve
2021-02,Gsntipv Edxidhknagpa
2021-02,Gwvwinuyengt Ggrxneylmwzk
2021-02,Gysclglunyw Cypmwza
2021-02,Hehpffxvvg Segwgluxch
2021-02,Hrutqqrlf Txxnbz
2021-02,Htjusuwwvqd Xcnlkrdab
2021-02,Huclfip Wswpxe
2021-02,Hyeiify Vsrnipvocn
2021-02,Hyiuisxrvhzr Ysykowrqamt
2021-02,Imiaytu Acrvasmrw
2021-02,Imqoj Hryalk
2021-02,Iolmekugg Wqeevsjb
2021-02,Iqtloru Qbsmompovnt
2021-02,Itxpurka Gjule
2021-02,Ivqsfovoneug Rfogfrbjq
2021-02,Iyuzpi Mgaircstyjee
2021-02,Jfnbtywtnqke Hbrrdnppuodl
2021-02,Jiitikp Mouadqmgcq
2021-02,Jnkgcq Rkioy
2021-02,Jzwtbs Mfpebaqxqd
2021-02,Kcwfleaorta Klcmfo
2021-02,Kddxaqgu Yxufpnpog
2021-02,Kvrpw Ihldkv
2021-02,Kxwpb Pfowemfvpsif
2021-02,Lamqclg Nllpoma
2021-02,Learh Mqbyhbuei
2021-02,Llebnbpiktrb Vkcpurlyh
2021-02,Lteigyzpyi Rphubfngtt
2021-02,Mfauzvrfzue Ewacyjmkm
2021-02,Micfzwsp Rcidwxch
2021-02,Mrbmnnzb Kbfvwrq
2021-02,Mwiophnj Beqgggwawax
2021-02,Ndsugditw Vltawu
2021-02,Neeymzjd Yizjtqihnyhl
2021-02,Nrdnta Simucmc
2021-02,Nxdxqsuegejr Qmjeybj
2021-02,Oisbtvkwhneh Oxvouz
2021-02,Oqgkxeej Zraajetpipaz
2021-02,Oszhyj Emfiyp
2021-02,Pkeljj Jhiccy
2021-02,Pqjbt Ciwofscgapv
2021-02,Pznhm Dwilzo
2021-02,Qaemb Sqoinga
2021-02,Qbgtohh Cxozkksaobvb
2021-02,Qhexqdhynpk Thjch
2021-02,Qjppprgzkdhj Igshamvcndl
2021-02,Qxegijmxx Utzijoq
2021-02,Resofhm Zrbebubmppcw
2021-02,Rlwjkxod Wvaxceej
2021-02,Rxqarjkovh Qzgdi
2021-02,Rzucmrkxheto Pyzvftroxe
2021-02,Sjsaqvke Wpecmlupmea
2021-02,Spetibcfcfj Wtmoai
2021-02,Suksgurnnmok Mcvkj
2021-02,Tbazgcppx Pdkbgihnivll
2021-02,Tdcihbdfh Klcuvuu
2021-02,Tgcgw Gopozb
2021-02,Tleaqrbg Zaqnamg
2021-02,Tpycu Uqfqcbqgs
2021-02,Ttpzgkhk Vuzsf
2021-02,Tyvwgriycve Tbjkamolf
2021-02,Ueicy Wvqrio
2021-02,Ukezqfewppal Mucwfcsh
2021-02,Unymibqs Fvvdblhx
2021-02,Uskqcxacvmsa Wbdvcuif
2021-02,Vgfsddw Ekuvj
2021-02,Vwgjscsblo Vwtxikhodp
2021-02,Wbokimm Piigt
2021-02,Whqxtdkbcpok Goiosa
2021-02,Wjaguxf Iictegytglz
2021-02,Wpgloyzaneu Xfjivn
2021-02,Wtvigrhqhrq Dzywuhwsl
2021-02,Wxitdj Vbzefhoqb
2021-02,Xwccusg Fmvpvdj
2021-02,Xwsaija Oiqcjawmz
2021-02,Yuhirh Bymybw
2021-02,Zavbzvmsjw Ufjetyk
2021-02,Zwknsdimjn Sqapnfutfv
2021-03,Agendeuef Ztasqwwcobi
2021-03,Ahhjew Aphpea
2021-03,Akxcxrgsqi Adyujxu
2021-03,Ambmxivw Wbwuywi
2021-03,Atgvpsut Dmkugbzhs
2021-03,Awijj Flwfudrbwv
2021-03,Bjqjh Jctnmpmab
2021-03,Bkpzzfrgpmyl Xssaahvrgh
2021-03,Blpfnrarzvh Nmcpu
2021-03,Bperp Wzxhxmknxfwp
2021-03,Chjzjlhrufdc Ehnifr
2021-03,Cyolckpkc Jtgmnpahrq
2021-03,Dfbwuay Kmygyknmnzm
2021-03,Dpvhyb Xsowiixeadtc
2021-03,Endbyg Leoglsgc
2021-03,Fghkacepsy Ekecm
2021-03,Fjciarx Roxavdjmch
2021-03,Fmoflf Rnaftrxndufq
2021-03,Fyhdgjugnomq Mguts
2021-03,Ggatwkenwo Qfgbxmkd
2021-03,Gjqwmmvzj Kjdcxtdbve
2021-03,Gsntipv Edxidhknagpa
2021-03,Gwvwinuyengt Ggrxneylmwzk
2021-03,Gysclglunyw Cypmwza
2021-03,Hehpffxvvg Segwgluxch
2021-03,Hrutqqrlf Txxnbz
2021-03,Htjusuwwvqd Xcnlkrdab
2021-03,Huclfip Wswpxe
2021-03,Hyeiify Vsrnipvocn
2021-03,Hyiuisxrvhzr Ysykowrqamt
2021-03,Imiaytu Acrvasmrw
2021-03,Imqoj Hryalk
2021-03,Iolmekugg Wqeevsjb
2021-03,Iqtloru Qbsmompovnt
2021-03,Itxpurka Gjule
2021-03,Ivqsfovoneug Rfogfrbjq
2021-03,Iyuzpi Mgaircstyjee
2021-03,Jfnbtywtnqke Hbrrdnppuodl
2021-03,Jiitikp Mouadqmgcq
2021-03,Jnkgcq Rkioy
2021-03,Jzwtbs Mfpebaqxqd
2021-03,Kcwfleaorta Klcmfo
2021-03,Kddxaqgu Yxufpnpog
2021-03,Kvrpw Ihldkv
2021-03,Kxwpb Pfowemfvpsif
2021-03,Lamqclg Nllpoma
2021-03,Learh Mqbyhbuei
2021-03,Llebnbpiktrb Vkcpurlyh
2021-03,Lteigyzpyi Rphubfngtt
2021-03,Mfauzvrfzue Ewacyjmkm
2021-03,Micfzwsp Rcidwxch
2021-03,Mrbmnnzb Kbfvwrq
2021-03,Mwiophnj Beqgggwawax
2021-03,Ndsugditw Vltawu
2021-03,Neeymzjd Yizjtqihnyhl
2021-03,Nrdnta Simucmc
2021-03,Nxdxqsuegejr Qmjeybj
2021-03,Oisbtvkwhneh Oxvouz
2021-03,Oqgkxeej Zraajetpipaz
2021-03,Oszhyj Emfiyp
2021-03,Pkeljj Jhiccy
2021-03,Pqjbt Ciwofscgapv
2021-03,Pznhm Dwilzo
2021-03,Qaemb Sqoinga
2021-03,Qbgtohh Cxozkksaobvb
2021-03,Qhexqdhynpk Thjch
2021-03,Qjppprgzkdhj Igshamvcndl
2021-03,Qxegijmxx Utzijoq
2021-03,Resofhm Zrbebubmppcw
2021-03,Rlwjkxod Wvaxceej
2021-03,Rxqarjkovh Qzgdi
2021-03,Rzucmrkxheto Pyzvftroxe
2021-03,Sjsaqvke Wpecmlupmea
2021-03,Spetibcfcfj Wtmoai
2021-03,Suksgurnnmok Mcvkj
2021-03,Tbazgcppx Pdkbgihnivll
2021-03,Tdcihbdfh Klcuvuu
2021-03,Tgcgw Gopozb
2021-03,Tleaqrbg Zaqnamg
2021-03,Tpycu Uqfqcbqgs
2021-03,Ttpzgkhk Vuzsf
2021-03,Tyvwgriycve Tbjkamolf
2021-03,Ueicy Wvqrio
2021-03,Ukezqfewppal Mucwfcsh
2021-03,Unymibqs Fvvdblhx
2021-03,Uskqcxacvmsa Wbdvcuif
2021-03,Vgfsddw Ekuvj
2021-03,Vwgjscsblo Vwtxikhodp
2021-03,Wbokimm Piigt
2021-03,Whqxtdkbcpok Goiosa
2021-03,Wjaguxf Iictegytglz
2021-03,Wpgloyzaneu Xfjivn
2021-03,Wtvigrhqhrq Dzywuhwsl
2021-03,Wxitdj Vbzefhoqb
2021-03,Xwccusg Fmvpvdj
2021-03,Xwsaija Oiqcjawmz
2021-03,Yuhirh Bymybw
2021-03,Zavbzvmsjw Ufjetyk
2021-03,Zwknsdimjn Sqapnfutfv
2021-04,Agendeuef Ztasqwwcobi
2021-04,Ahhjew Aphpea
2021-04,Akxcxrgsqi Adyujxu
2021-04,Ambmxivw Wbwuywi
2021-04,Atgvpsut Dmkugbzhs
2021-04,Awijj Flwfudrbwv
2021-04,Bjqjh Jctnmpmab
2021-04,Bkpzzfrgpmyl Xssaahvrgh
2021-04,Blpfnrarzvh Nmcpu
2021-04,Bperp Wzxhxmknxfwp
2021-04,Chjzjlhrufdc Ehnifr
2021-04,Cyolckpkc Jtgmnpahrq
2021-04,Dfbwuay Kmygyknmnzm
2021-04,Dpvhyb Xsowiixeadtc
2021-04,Endbyg Leoglsgc
2021-04,Fghkacepsy Ekecm
2021-04,Fjciarx Roxavdjmch
2021-04,Fmoflf Rnaftrxndufq
2021-04,Fyhdgjugnomq Mguts
2021-04,Ggatwkenwo Qfgbxmkd
2021-04,Gjqwmmvzj Kjdcxtdbve
2021-04,Gsntipv Edxidhknagpa
2021-04,Gwvwinuyengt Ggrxneylmwzk
2021-04,Gysclglunyw Cypmwza
2021-04,Hehpffxvvg Segwgluxch
2021-04,Hrutqqrlf Txxnbz
2021-04,Htjusuwwvqd Xcnlkrdab
2021-04,Huclfip Wswpxe
2021-04,Hyeiify Vsrnipvocn
2021-04,Hyiuisxrvhzr Ysykowrqamt
2021-04,Imiaytu Acrvasmrw
2021-04,Imqoj Hryalk
2021-04,Iolmekugg Wqeevsjb
2021-04,Iqtloru Qbsmompovnt
2021-04,Itxpurka Gjule
2021-04,Ivqsfovoneug Rfogfrbjq
2021-04,Iyuzpi Mgaircstyjee
2021-04,Jfnbtywtnqke Hbrrdnppuodl
2021-04,Jiitikp Mouadqmgcq
2021-04,Jnkgcq Rkioy
2021-04,Jzwtbs Mfpebaqxqd
2021-04,Kcwfleaorta Klcmfo
2021-04,Kddxaqgu Yxufpnpog
2021-04,Kvrpw Ihldkv
2021-04,Kxwpb Pfowemfvpsif
2021-04,Lamqclg Nllpoma
2021-04,Learh Mqbyhbuei
2021-04,Llebnbpiktrb Vkcpurlyh
2021-04,Lteigyzpyi Rphubfngtt
2021-04,Mfauzvrfzue Ewacyjmkm
2021-04,Micfzwsp Rcidwxch
2021-04,Mrbmnnzb Kbfvwrq
2021-04,Mwiophnj Beqgggwawax
2021-04,Ndsugditw Vltawu
2021-04,Neeymzjd Yizjtqihnyhl
2021-04,Nrdnta Simucmc
2021-04,Nxdxqsuegejr Qmjeybj
2021-04,Oisbtvkwhneh Oxvouz
2021-04,Oqgkxeej Zraajetpipaz
2021-04,Oszhyj Emfiyp
2021-04,Pkeljj Jhiccy
2021-04,Pqjbt Ciwofscgapv
2021-04,Pznhm Dwilzo
2021-04,Qaemb Sqoinga
2021-04,Qbgtohh Cxozkksaobvb
2021-04,Qhexqdhynpk Thjch
2021-04,Qjppprgzkdhj Igshamvcndl
2021-04,Qxegijmxx Utzijoq
2021-04,Resofhm Zrbebubmppcw
2021-04,Rlwjkxod Wvaxceej
2021-04,Rxqarjkovh Qzgdi
2021-04,Rzucmrkxheto Pyzvftroxe
2021-04,Sjsaqvke Wpecmlupmea
2021-04,Spetibcfcfj Wtmoai
2021-04,Suksgurnnmok Mcvkj
2021-04,Tbazgcppx Pdkbgihnivll
2021-04,Tdcihbdfh Klcuvuu
2021-04,Tgcgw Gopozb
2021-04,Tleaqrbg Zaqnamg
2021-04,Tpycu Uqfqcbqgs
2021-04,Ttpzgkhk Vuzsf
2021-04,Tyvwgriycve Tbjkamolf
2021-04,Ueicy Wvqrio
2021-04,Ukezqfewppal Mucwfcsh
2021-04,Unymibqs Fvvdblhx
2021-04,Uskqcxacvmsa Wbdvcuif
2021-04,Vgfsddw Ekuvj
2021-04,Vwgjscsblo Vwtxikhodp
2021-04,Wbokimm Piigt
2021-04,Whqxtdkbcpok Goiosa
2021-04,Wjaguxf Iictegytglz
2021-04,Wpgloyzaneu Xfjivn
2021-04,Wtvigrhqhrq Dzywuhwsl
2021-04,Wxitdj Vbzefhoqb
2021-04,Xwccusg Fmvpvdj
2021-04,Xwsaija Oiqcjawmz
2021-04,Yuhirh Bymybw
2021-04,Zavbzvmsjw Ufjetyk
2021-04,Zwknsdimjn Sqapnfutfv
2021-05,Agendeuef Ztasqwwcobi
2021-05,Ahhjew Aphpea
2021-05,Akxcxrgsqi Adyujxu
2021-05,Ambmxivw Wbwuywi
2021-05,Atgvpsut Dmkugbzhs
2021-05,Awijj Flwfudrbwv
2021-05,Bjqjh Jctnmpmab
2021-05,Bkpzzfrgpmyl Xssaahvrgh
2021-05,Blpfnrarzvh Nmcpu
2021-05,Bperp Wzxhxmknxfwp
2021-05,Chjzjlhrufdc Ehnifr
2021-05,Cyolckpkc Jtgmnpahrq
2021-05,Dfbwuay Kmygyknmnzm
2021-05,Dpvhyb Xsowiixeadtc
2021-05,Endbyg Leoglsgc
2021-05,Fghkacepsy Ekecm
2021-05,Fjciarx Roxavdjmch
2021-05,Fmoflf Rnaftrxndufq
2021-05,Fyhdgjugnomq Mguts
2021-05,Ggatwkenwo Qfgbxmkd
2021-05,Gjqwmmvzj Kjdcxtdbve
2021-05,Gsntipv Edxidhknagpa
2021-05,Gwvwinuyengt Ggrxneylmwzk
2021-05,Gysclglunyw Cypmwza
2021-05,Hehpffxvvg Segwgluxch
2021-05,Hrutqqrlf Txxnbz
2021-05,Htjusuwwvqd Xcnlkrdab
2021-05,Huclfip Wswpxe
2021-05,Hyeiify Vsrnipvocn
2021-05,Hyiuisxrvhzr Ysykowrqamt
2021-05,Imiaytu Acrvasmrw
2021-05,Imqoj Hryalk
2021-05,Iolmekugg Wqeevsjb
2021-05,Iqtloru Qbsmompovnt
2021-05,Itxpurka Gjule
2021-05,Ivqsfovoneug Rfogfrbjq
2021-05,Iyuzpi Mgaircstyjee
2021-05,Jfnbtywtnqke Hbrrdnppuodl
2021-05,Jiitikp Mouadqmgcq
2021-05,Jnkgcq Rkioy
2021-05,Jzwtbs Mfpebaqxqd
2021-05,Kcwfleaorta Klcmfo
2021-05,Kddxaqgu Yxufpnpog
2021-05,Kvrpw Ihldkv
2021-05,Kxwpb Pfowemfvpsif
2021-05,Lamqclg Nllpoma
2021-05,Learh Mqbyhbuei
2021-05,Llebnbpiktrb Vkcpurlyh
2021-05,Lteigyzpyi Rphubfngtt
2021-05,Mfauzvrfzue Ewacyjmkm
2021-05,Micfzwsp Rcidwxch
2021-05,Mrbmnnzb Kbfvwrq
2021-05,Mwiophnj Beqgggwawax
2021-05,Ndsugditw Vltawu
2021-05,Neeymzjd Yizjtqihnyhl
2021-05,Nrdnta Simucmc
2021-05,Nxdxqsuegejr Qmjeybj
2021-05,Oisbtvkwhneh Oxvouz
2021-05,Oqgkxeej Zraajetpipaz
2021-05,Oszhyj Emfiyp
2021-05,Pkeljj Jhiccy
2021-05,Pqjbt Ciwofscgapv
2021-05,Pznhm Dwilzo
2021-05,Qaemb Sqoinga
2021-05,Qbgtohh Cxozkksaobvb
2021-05,Qhexqdhynpk Thjch
2021-05,Qjppprgzkdhj Igshamvcndl
2021-05,Qxegijmxx Utzijoq
2021-05,Resofhm Zrbebubmppcw
2021-05,Rlwjkxod Wvaxceej
2021-05,Rxqarjkovh Qzgdi
2021-05,Rzucmrkxheto Pyzvftroxe
2021-05,Sjsaqvke Wpecmlupmea
2021-05,Spetibcfcfj Wtmoai
2021-05,Suksgurnnmok Mcvkj
2021-05,Tbazgcppx Pdkbgihnivll
2021-05,Tdcihbdfh Klcuvuu
2021-05,Tgcgw Gopozb
2021-05,Tleaqrbg Zaqnamg
2021-05,Tpycu Uqfqcbqgs
2021-05,Ttpzgkhk Vuzsf
2021-05,Tyvwgriycve Tbjkamolf
2021-05,Ueicy Wvqrio
2021-05,Ukezqfewppal Mucwfcsh
2021-05,Unymibqs Fvvdblhx
2021-05,Uskqcxacvmsa Wbdvcuif
2021-05,Vgfsddw Ekuvj
2021-05,Vwgjscsblo Vwtxikhodp
2021-05,Wbokimm Piigt
2021-05,Whqxtdkbcpok Goiosa
2021-05,Wjaguxf Iictegytglz
2021-05,Wpgloyzaneu Xfjivn
2021-05,Wtvigrhqhrq Dzywuhwsl
2021-05,Wxitdj Vbzefhoqb
2021-05,Xwccusg Fmvpvdj
2021-05,Xwsaija Oiqcjawmz
2021-05,Yuhirh Bymybw
2021-05,Zavbzvmsjw Ufjetyk
2021-05,Zwknsdimjn Sqapnfutfv
2021-06,Agendeuef Ztasqwwcobi
2021-06,Ahhjew Aphpea
2021-06,Akxcxrgsqi Adyujxu
2021-06,Ambmxivw Wbwuywi
2021-06,Atgvpsut Dmkugbzhs
2021-06,Awijj Flwfudrbwv
2021-06,Bjqjh Jctnmpmab
2021-06,Bkpzzfrgpmyl Xssaahvrgh
2021-06,Blpfnrarzvh Nmcpu
2021-06,Bperp Wzxhxmknxfwp
2021-06,Chjzjlhrufdc Ehnifr
2021-06,Cyolckpkc Jtgmnpahrq
2021-06,Dfbwuay Kmygyknmnzm
2021-06,Dpvhyb Xsowiixeadtc
2021-06,Endbyg Leoglsgc
2021-06,Fghkacepsy Ekecm
2021-06,Fjciarx Roxavdjmch
2021-06,Fmoflf Rnaftrxndufq
2021-06,Fyhdgjugnomq Mguts
2021-06,Ggatwkenwo Qfgbxmkd
2021-06,Gjqwmmvzj Kjdcxtdbve
2021-06,Gsntipv Edxidhknagpa
2021-06,Gwvwinuyengt Ggrxneylmwzk
2021-06,Gysclglunyw Cypmwza
2021-06,Hehpffxvvg Segwgluxch
2021-06,Hrutqqrlf Txxnbz
2021-06,Htjusuwwvqd Xcnlkrdab
2021-06,Huclfip Wswpxe
2021-06,Hyeiify Vsrnipvocn
2021-06,Hyiuisxrvhzr Ysykowrqamt
2021-06,Imiaytu Acrvasmrw
2021-06,Imqoj Hryalk
2021-06,Iolmekugg Wqeevsjb
2021-06,Iqtloru Qbsmompovnt
2021-06,Itxpurka Gjule
2021-06,Ivqsfovoneug Rfogfrbjq
2021-06,Iyuzpi Mgaircstyjee
2021-06,Jfnbtywtnqke Hbrrdnppuodl
2021-06,Jiitikp Mouadqmgcq
2021-06,Jnkgcq Rkioy
2021-06,Jzwtbs Mfpebaqxqd
2021-06,Kcwfleaorta Klcmfo
2021-06,Kddxaqgu Yxufpnpog
2021-06,Kvrpw Ihldkv
2021-06,Kxwpb Pfowemfvpsif
2021-06,Lamqclg Nllpoma
2021-06,Learh Mqbyhbuei
2021-06,Llebnbpiktrb Vkcpurlyh
2021-06,Lteigyzpyi Rphubfngtt
2021-06,Mfauzvrfzue Ewacyjmkm
2021-06,Micfzwsp Rcidwxch
2021-06,Mrbmnnzb Kbfvwrq
2021-06,Mwiophnj Beqgggwawax
2021-06,Ndsugditw Vltawu
2021-06,Neeymzjd Yizjtqihnyhl
2021-06,Nrdnta Simucmc
2021-06,Nxdxqsuegejr Qmjeybj
2021-06,Oisbtvkwhneh Oxvouz
2021-06,Oqgkxeej Zraajetpipaz
2021-06,Oszhyj Emfiyp
2021-06,Pkeljj Jhiccy
2021-06,Pqjbt Ciwofscgapv
2021-06,Pznhm Dwilzo
2021-06,Qaemb Sqoinga
2021-06,Qbgtohh Cxozkksaobvb
2021-06,Qhexqdhynpk Thjch
2021-06,Qjppprgzkdhj Igshamvcndl
2021-06,Qxegijmxx Utzijoq
2021-06,Resofhm Zrbebubmppcw
2021-06,Rlwjkxod Wvaxceej
2021-06,Rxqarjkovh Qzgdi
2021-06,Rzucmrkxheto Pyzvftroxe
2021-06,Sjsaqvke Wpecmlupmea
2021-06,Spetibcfcfj Wtmoai
2021-06,Suksgurnnmok Mcvkj
2021-06,Tbazgcppx Pdkbgihnivll
2021-06,Tdcihbdfh Klcuvuu
2021-06,Tgcgw Gopozb
2021-06,Tleaqrbg Zaqnamg
2021-06,Tpycu Uqfqcbqgs
2021-06,Ttpzgkhk Vuzsf
2021-06,Tyvwgriycve Tbjkamolf
2021-06,Ueicy Wvqrio
2021-06,Ukezqfewppal Mucwfcsh
2021-06,Unymibqs Fvvdblhx
2021-06,Uskqcxacvmsa Wbdvcuif
2021-06,Vgfsddw Ekuvj
2021-06,Vwgjscsblo Vwtxikhodp
2021-06,Wbokimm Piigt
2021-06,Whqxtdkbcpok Goiosa
2021-06,Wjaguxf Iictegytglz
2021-06,Wpgloyzaneu Xfjivn
2021-06,Wtvigrhqhrq Dzywuhwsl
2021-06,Wxitdj Vbzefhoqb
2021-06,Xwccusg Fmvpvdj
2021-06,Xwsaija Oiqcjawmz
2021-06,Yuhirh Bymybw
2021-06,Zavbzvmsjw Ufjetyk
2021-06,Zwknsdimjn Sqapnfutfv
2021-07,Agendeuef Ztasqwwcobi
2021-07,Ahhjew Aphpea
2021-07,Akxcxrgsqi Adyujxu
2021-07,Ambmxivw Wbwuywi
2021-07,Atgvpsut Dmkugbzhs
2021-07,Awijj Flwfudrbwv
2021-07,Bjqjh Jctnmpmab
2021-07,Bkpzzfrgpmyl Xssaahvrgh
2021-07,Blpfnrarzvh Nmcpu
2021-07,Bperp Wzxhxmknxfwp
2021-07,Chjzjlhrufdc Ehnifr
2021-07,Cyolckpkc Jtgmnpahrq
2021-07,Dfbwuay Kmygyknmnzm
2021-07,Dpvhyb Xsowiixeadtc
2021-07,Endbyg Leoglsgc
2021-07,Fghkacepsy Ekecm
2021-07,Fjciarx Roxavdjmch
2021-07,Fmoflf Rnaftrxndufq
2021-07,Fyhdgjugnomq Mguts
2021-07,Ggatwkenwo Qfgbxmkd
2021-07,Gjqwmmvzj Kjdcxtdbve
2021-07,Gsntipv Edxidhknagpa
2021-07,Gwvwinuyengt Ggrxneylmwzk
2021-07,Gysclglunyw Cypmwza
2021-07,Hehpffxvvg Segwgluxch
2021-07,Hrutqqrlf Txxnbz
2021-07,Htjusuwwvqd Xcnlkrdab
2021-07,Huclfip Wswpxe
2021-07,Hyeiify Vsrnipvocn
2021-07,Hyiuisxrvhzr Ysykowrqamt
2021-07,Imiaytu Acrvasmrw
2021-07,Imqoj Hryalk
2021-07,Iolmekugg Wqeevsjb
2021-07,Iqtloru Qbsmompovnt
2021-07,Itxpurka Gjule
2021-07,Ivqsfovoneug Rfogfrbjq
2021-07,Iyuzpi Mgaircstyjee
2021-07,Jfnbtywtnqke Hbrrdnppuodl
2021-07,Jiitikp Mouadqmgcq
2021-07,Jnkgcq Rkioy
2021-07,Jzwtbs Mfpebaqxqd
2021-07,Kcwfleaorta Klcmfo
2021-07,Kddxaqgu Yxufpnpog
2021-07,Kvrpw Ihldkv
2021-07,Kxwpb Pfowemfvpsif
2021-07,Lamqclg Nllpoma
2021-07,Learh Mqbyhbuei
2021-07,Llebnbpiktrb Vkcpurlyh
2021-07,Lteigyzpyi Rphubfngtt
2021-07,Mfauzvrfzue Ewacyjmkm
2021-07,Micfzwsp Rcidwxch
2021-07,Mrbmnnzb Kbfvwrq
2021-07,Mwiophnj Beqgggwawax
2021-07,Ndsugditw Vltawu
2021-07,Neeymzjd Yizjtqihnyhl
2021-07,Nrdnta Simucmc
2021-07,Nxdxqsuegejr Qmjeybj
2021-07,Oisbtvkwhneh Oxvouz
2021-07,Oqgkxeej Zraajetpipaz
2021-07,Oszhyj Emfiyp
2021-07,Pkeljj Jhiccy
2021-07,Pqjbt Ciwofscgapv
2021-07,Pznhm Dwilzo
2021-07,Qaemb Sqoinga
2021-07,Qbgtohh Cxozkksaobvb
2021-07,Qhexqdhynpk Thjch
2021-07,Qjppprgzkdhj Igshamvcndl
2021-07,Qxegijmxx Utzijoq
2021-07,Resofhm Zrbebubmppcw
2021-07,Rlwjkxod Wvaxceej
2021-07,Rxqarjkovh Qzgdi
2021-07,Rzucmrkxheto Pyzvftroxe
2021-07,Sjsaqvke Wpecmlupmea
2021-07,Spetibcfcfj Wtmoai
2021-07,Suksgurnnmok Mcvkj
2021-07,Tbazgcppx Pdkbgihnivll
2021-07,Tdcihbdfh Klcuvuu
2021-07,Tgcgw Gopozb
2021-07,Tleaqrbg Zaqnamg
2021-07,Tpycu Uqfqcbqgs
2021-07,Ttpzgkhk Vuzsf
2021-07,Tyvwgriycve Tbjkamolf
2021-07,Ueicy Wvqrio
2021-07,Ukezqfewppal Mucwfcsh
2021-07,Unymibqs Fvvdblhx
2021-07,Uskqcxacvmsa Wbdvcuif
2021-07,Vgfsddw Ekuvj
2021-07,Vwgjscsblo Vwtxikhodp
2021-07,Wbokimm Piigt
2021-07,Whqxtdkbcpok Goiosa
2021-07,Wjaguxf Iictegytglz
2021-07,Wpgloyzaneu Xfjivn
2021-07,Wtvigrhqhrq Dzywuhwsl
2021-07,Wxitdj Vbzefhoqb
2021-07,Xwccusg Fmvpvdj
2021-07,Xwsaija Oiqcjawmz
2021-07,Yuhirh Bymybw
2021-07,Zavbzvmsjw Ufjetyk
2021-07,Zwknsdimjn Sqapnfutfv
2021-08,Agendeuef Ztasqwwcobi
2021-08,Ahhjew Aphpea
2021-08,Akxcxrgsqi Adyujxu
2021-08,Ambmxivw Wbwuywi
2021-08,Atgvpsut Dmkugbzhs
2021-08,Awijj Flwfudrbwv
2021-08,Bjqjh Jctnmpmab
2021-08,Bkpzzfrgpmyl Xssaahvrgh
2021-08,Blpfnrarzvh Nmcpu
2021-08,Bperp Wzxhxmknxfwp
2021-08,Chjzjlhrufdc Ehnifr
2021-08,Cyolckpkc Jtgmnpahrq
2021-08,Dfbwuay Kmygyknmnzm
2021-08,Dpvhyb Xsowiixeadtc
2021-08,Endbyg Leoglsgc
2021-08,Fghkacepsy Ekecm
2021-08,Fjciarx Roxavdjmch
2021-08,Fmoflf Rnaftrxndufq
2021-08,Fyhdgjugnomq Mguts
2021-08,Ggatwkenwo Qfgbxmkd
2021-08,Gjqwmmvzj Kjdcxtdbve
2021-08,Gsntipv Edxidhknagpa
2021-08,Gwvwinuyengt Ggrxneylmwzk
2021-08,Gysclglunyw Cypmwza
2021-08,Hehpffxvvg Segwgluxch
2021-08,Hrutqqrlf Txxnbz
2021-08,Htjusuwwvqd Xcnlkrdab
2021-08,Huclfip Wswpxe
2021-08,Hyeiify Vsrnipvocn
2021-08,Hyiuisxrvhzr Ysykowrqamt
2021-08,Imiaytu Acrvasmrw
2021-08,Imqoj Hryalk
2021-08,Iolmekugg Wqeevsjb
2021-08,Iqtloru Qbsmompovnt
2021-08,Itxpurka Gjule
2021-08,Ivqsfovoneug Rfogfrbjq
2021-08,Iyuzpi Mgaircstyjee
2021-08,Jfnbtywtnqke Hbrrdnppuodl
2021-08,Jiitikp Mouadqmgcq
2021-08,Jnkgcq Rkioy
2021-08,Jzwtbs Mfpebaqxqd
2021-08,Kcwfleaorta Klcmfo
2021-08,Kddxaqgu Yxufpnpog
2021-08,Kvrpw Ihldkv
2021-08,Kxwpb Pfowemfvpsif
2021-08,Lamqclg Nllpoma
2021-08,Learh Mqbyhbuei
2021-08,Llebnbpiktrb Vkcpurlyh
2021-08,Lteigyzpyi Rphubfngtt
2021-08,Mfauzvrfzue Ewacyjmkm
2021-08,Micfzwsp Rcidwxch
2021-08,Mrbmnnzb Kbfvwrq
2021-08,Mwiophnj Beqgggwawax
2021-08,Ndsugditw Vltawu
2021-08,Neeymzjd Yizjtqihnyhl
2021-08,Nrdnta Simucmc
2021-08,Nxdxqsuegejr Qmjeybj
2021-08,Oisbtvkwhneh Oxvouz
2021-08,Oqgkxeej Zraajetpipaz
2021-08,Oszhyj Emfiyp
2021-08,Pkeljj Jhiccy
2021-08,Pqjbt Ciwofscgapv
2021-08,Pznhm Dwilzo
2021-08,Qaemb Sqoinga
2021-08,Qbgtohh Cxozkksaobvb
2021-08,Qhexqdhynpk Thjch
2021-08,Qjppprgzkdhj Igshamvcndl
2021-08,Qxegijmxx Utzijoq
2021-08,Resofhm Zrbebubmppcw
2021-08,Rlwjkxod Wvaxceej
2021-08,Rxqarjkovh Qzgdi
2021-08,Rzucmrkxheto Pyzvftroxe
2021-08,Sjsaqvke Wpecmlupmea
2021-08,Spetibcfcfj Wtmoai
2021-08,Suksgurnnmok Mcvkj
2021-08,Tbazgcppx Pdkbgihnivll
2021-08,Tdcihbdfh Klcuvuu
2021-08,Tgcgw Gopozb
2021-08,Tleaqrbg Zaqnamg
2021-08,Tpycu Uqfqcbqgs
2021-08,Ttpzgkhk Vuzsf
2021-08,Tyvwgriycve Tbjkamolf
2021-08,Ueicy Wvqrio
2021-08,Ukezqfewppal Mucwfcsh
2021-08,Unymibqs Fvvdblhx
2021-08,Uskqcxacvmsa Wbdvcuif
2021-08,Vgfsddw Ekuvj
2021-08,Vwgjscsblo Vwtxikhodp
2021-08,Wbokimm Piigt
2021-08,Whqxtdkbcpok Goiosa
2021-08,Wjaguxf Iictegytglz
2021-08,Wpgloyzaneu Xfjivn
2021-08,Wtvigrhqhrq Dzywuhwsl
2021-08,Wxitdj Vbzefhoqb
2021-08,Xwccusg Fmvpvdj
2021-08,Xwsaija Oiqcjawmz
2021-08,Yuhirh Bymybw
2021-08,Zavbzvmsjw Ufjetyk
2021-08,Zwknsdimjn Sqapnfutfv
2021-09,Agendeuef Ztasqwwcobi
2021-09,Ahhjew Aphpea
2021-09,Akxcxrgsqi Adyujxu
2021-09,Ambmxivw Wbwuywi
2021-09,Atgvpsut Dmkugbzhs
2021-09,Awijj Flwfudrbwv
2021-09,Bjqjh Jctnmpmab
2021-09,Bkpzzfrgpmyl Xssaahvrgh
2021-09,Blpfnrarzvh Nmcpu
2021-09,Bperp Wzxhxmknxfwp
2021-09,Chjzjlhrufdc Ehnifr
2021-09,Cyolckpkc Jtgmnpahrq
2021-09,Dfbwuay Kmygyknmnzm
2021-09,Dpvhyb Xsowiixeadtc
2021-09,Endbyg Leoglsgc
2021-09,Fghkacepsy Ekecm
2021-09,Fjciarx Roxavdjmch
2021-09,Fmoflf Rnaftrxndufq
2021-09,Fyhdgjugnomq Mguts
2021-09,Ggatwkenwo Qfgbxmkd
2021-09,Gjqwmmvzj Kjdcxtdbve
2021-09,Gsntipv Edxidhknagpa
2021-09,Gwvwinuyengt Ggrxneylmwzk
2021-09,Gysclglunyw Cypmwza
2021-09,Hehpffxvvg Segwgluxch
2021-09,Hrutqqrlf Txxnbz
2021-09,Htjusuwwvqd Xcnlkrdab
2021-09,Huclfip Wswpxe
2021-09,Hyeiify Vsrnipvocn
2021-09,Hyiuisxrvhzr Ysykowrqamt
2021-09,Imiaytu Acrvasmrw
2021-09,Imqoj Hryalk
2021-09,Iolmekugg Wqeevsjb
2021-09,Iqtloru Qbsmompovnt
2021-09,Itxpurka Gjule
2021-09,Ivqsfovoneug Rfogfrbjq
2021-09,Iyuzpi Mgaircstyjee
2021-09,Jfnbtywtnqke Hbrrdnppuodl
2021-09,Jiitikp Mouadqmgcq
2021-09,Jnkgcq Rkioy
2021-09,Jzwtbs Mfpebaqxqd
2021-09,Kcwfleaorta Klcmfo
2021-09,Kddxaqgu Yxufpnpog
2021-09,Kvrpw Ihldkv
2021-09,Kxwpb Pfowemfvpsif
2021-09,Lamqclg Nllpoma
2021-09,Learh Mqbyhbuei
2021-09,Llebnbpiktrb Vkcpurlyh
2021-09,Lteigyzpyi Rphubfngtt
2021-09,Mfauzvrfzue Ewacyjmkm
2021-09,Micfzwsp Rcidwxch
2021-09,Mrbmnnzb Kbfvwrq
2021-09,Mwiophnj Beqgggwawax
2021-09,Ndsugditw Vltawu
2021-09,Neeymzjd Yizjtqihnyhl
2021-09,Nrdnta Simucmc
2021-09,Nxdxqsuegejr Qmjeybj
2021-09,Oisbtvkwhneh Oxvouz
2021-09,Oqgkxeej Zraajetpipaz
2021-09,Oszhyj Emfiyp
2021-09,Pkeljj Jhiccy
2021-09,Pqjbt Ciwofscgapv
2021-09,Pznhm Dwilzo
2021-09,Qaemb Sqoinga
2021-09,Qbgtohh Cxozkksaobvb
2021-09,Qhexqdhynpk Thjch
2021-09,Qjppprgzkdhj Igshamvcndl
2021-09,Qxegijmxx Utzijoq
2021-09,Resofhm Zrbebubmppcw
2021-09,Rlwjkxod Wvaxceej
2021-09,Rxqarjkovh Qzgdi
2021-09,Rzucmrkxheto Pyzvftroxe
2021-09,Sjsaqvke Wpecmlupmea
2021-09,Spetibcfcfj Wtmoai
2021-09,Suksgurnnmok Mcvkj
2021-09,Tbazgcppx Pdkbgihnivll
2021-09,Tdcihbdfh Klcuvuu
2021-09,Tgcgw Gopozb
2021-09,Tleaqrbg Zaqnamg
2021-09,Tpycu Uqfqcbqgs
2021-09,Ttpzgkhk Vuzsf
2021-09,Tyvwgriycve Tbjkamolf
2021-09,Ueicy Wvqrio
2021-09,Ukezqfewppal Mucwfcsh
2021-09,Unymibqs Fvvdblhx
2021-09,Uskqcxacvmsa Wbdvcuif
2021-09,Vgfsddw Ekuvj
2021-09,Vwgjscsblo Vwtxikhodp
2021-09,Wbokimm Piigt
2021-09,Whqxtdkbcpok Goiosa
2021-09,Wjaguxf Iictegytglz
2021-09,Wpgloyzaneu Xfjivn
2021-09,Wtvigrhqhrq Dzywuhwsl
2021-09,Wxitdj Vbzefhoqb
2021-09,Xwccusg Fmvpvdj
2021-09,Xwsaija Oiqcjawmz
2021-09,Yuhirh Bymybw
2021-09,Zavbzvmsjw Ufjetyk
2021-09,Zwknsdimjn Sqapnfutfv
2021-10,Agendeuef Ztasqwwcobi
2021-10,Ahhjew Aphpea
2021-10,Akxcxrgsqi Adyujxu
2021-10,Ambmxivw Wbwuywi
2021-10,Atgvpsut Dmkugbzhs
2021-10,Awijj Flwfudrbwv
2021-10,Bjqjh Jctnmpmab
2021-10,Bkpzzfrgpmyl Xssaahvrgh
2021-10,Blpfnrarzvh Nmcpu
2021-10,Bperp Wzxhxmknxfwp
2021-10,Chjzjlhrufdc Ehnifr
2021-10,Cyolckpkc Jtgmnpahrq
2021-10,Dfbwuay Kmygyknmnzm
2021-10,Dpvhyb Xsowiixeadtc
2021-10,Endbyg Leoglsgc
2021-10,Fghkacepsy Ekecm
2021-10,Fjciarx Roxavdjmch
2021-10,Fmoflf Rnaftrxndufq
2021-10,Fyhdgjugnomq Mguts
2021-10,Ggatwkenwo Qfgbxmkd
2021-10,Gjqwmmvzj Kjdcxtdbve
2021-10,Gsntipv Edxidhknagpa
2021-10,Gwvwinuyengt Ggrxneylmwzk
2021-10,Gysclglunyw Cypmwza
2021-10,Hehpffxvvg Segwgluxch
2021-10,Hrutqqrlf Txxnbz
2021-10,Htjusuwwvqd Xcnlkrdab
2021-10,Huclfip Wswpxe
2021-10,Hyeiify Vsrnipvocn
2021-10,Hyiuisxrvhzr Ysykowrqamt
2021-10,Imiaytu Acrvasmrw
2021-10,Imqoj Hryalk
2021-10,Iolmekugg Wqeevsjb
2021-10,Iqtloru Qbsmompovnt
2021-10,Itxpurka Gjule
2021-10,Ivqsfovoneug Rfogfrbjq
2021-10,Iyuzpi Mgaircstyjee
2021-10,Jfnbtywtnqke Hbrrdnppuodl
2021-10,Jiitikp Mouadqmgcq
2021-10,Jnkgcq Rkioy
2021-10,Jzwtbs Mfpebaqxqd
2021-10,Kcwfleaorta Klcmfo
2021-10,Kddxaqgu Yxufpnpog
2021-10,Kvrpw Ihldkv
2021-10,Kxwpb Pfowemfvpsif
2021-10,Lamqclg Nllpoma
2021-10,Learh Mqbyhbuei
2021-10,Llebnbpiktrb Vkcpurlyh
2021-10,Lteigyzpyi Rphubfngtt
2021-10,Mfauzvrfzue Ewacyjmkm
2021-10,Micfzwsp Rcidwxch
2021-10,Mrbmnnzb Kbfvwrq
2021-10,Mwiophnj Beqgggwawax
2021-10,Ndsugditw Vltawu
2021-10,Neeymzjd Yizjtqihnyhl
2021-10,Nrdnta Simucmc
2021-10,Nxdxqsuegejr Qmjeybj
2021-10,Oisbtvkwhneh Oxvouz
2021-10,Oqgkxeej Zraajetpipaz
2021-10,Oszhyj Emfiyp
2021-10,Pkeljj Jhiccy
2021-10,Pqjbt Ciwofscgapv
2021-10,Pznhm Dwilzo
2021-10,Qaemb Sqoinga
2021-10,Qbgtohh Cxozkksaobvb
2021-10,Qhexqdhynpk Thjch
2021-10,Qjppprgzkdhj Igshamvcndl
2021-10,Qxegijmxx Utzijoq
2021-10,Resofhm Zrbebubmppcw
2021-10,Rlwjkxod Wvaxceej
2021-10,Rxqarjkovh Qzgdi
2021-10,Rzucmrkxheto Pyzvftroxe
2021-10,Sjsaqvke Wpecmlupmea
2021-10,Spetibcfcfj Wtmoai
2021-10,Suksgurnnmok Mcvkj
2021-10,Tbazgcppx Pdkbgihnivll
2021-10,Tdcihbdfh Klcuvuu
2021-10,Tgcgw Gopozb
2021-10,Tleaqrbg Zaqnamg
2021-10,Tpycu Uqfqcbqgs
2021-10,Ttpzgkhk Vuzsf
2021-10,Tyvwgriycve Tbjkamolf
2021-10,Ueicy Wvqrio
2021-10,Ukezqfewppal Mucwfcsh
2021-10,Unymibqs Fvvdblhx
2021-10,Uskqcxacvmsa Wbdvcuif
2021-10,Vgfsddw Ekuvj
2021-10,Vwgjscsblo Vwtxikhodp
2021-10,Wbokimm Piigt
2021-10,Whqxtdkbcpok Goiosa
2021-10,Wjaguxf Iictegytglz
2021-10,Wpgloyzaneu Xfjivn
2021-10,Wtvigrhqhrq Dzywuhwsl
2021-10,Wxitdj Vbzefhoqb
2021-10,Xwccusg Fmvpvdj
2021-10,Xwsaija Oiqcjawmz
2021-10,Yuhirh Bymybw
2021-10,Zavbzvmsjw Ufjetyk
2021-10,Zwknsdimjn Sqapnfutfv
2021-11,Agendeuef Ztasqwwcobi
2021-11,Ahhjew Aphpea
2021-11,Akxcxrgsqi Adyujxu
2021-11,Ambmxivw Wbwuywi
2021-11,Atgvpsut Dmkugbzhs
2021-11,Awijj Flwfudrbwv
2021-11,Bjqjh Jctnmpmab
2021-11,Bkpzzfrgpmyl Xssaahvrgh
2021-11,Blpfnrarzvh Nmcpu
2021-11,Bperp Wzxhxmknxfwp
2021-11,Chjzjlhrufdc Ehnifr
2021-11,Cyolckpkc Jtgmnpahrq
2021-11,Dfbwuay Kmygyknmnzm
2021-11,Dpvhyb Xsowiixeadtc
2021-11,Endbyg Leoglsgc
2021-11,Fghkacepsy Ekecm
2021-11,Fjciarx Roxavdjmch
2021-11,Fmoflf Rnaftrxndufq
2021-11,Fyhdgjugnomq Mguts
2021-11,Ggatwkenwo Qfgbxmkd
2021-11,Gjqwmmvzj Kjdcxtdbve
2021-11,Gsntipv Edxidhknagpa
2021-11,Gwvwinuyengt Ggrxneylmwzk
2021-11,Gysclglunyw Cypmwza
2021-11,Hehpffxvvg Segwgluxch
2021-11,Hrutqqrlf Txxnbz
2021-11,Htjusuwwvqd Xcnlkrdab
2021-11,Huclfip Wswpxe
2021-11,Hyeiify Vsrnipvocn
2021-11,Hyiuisxrvhzr Ysykowrqamt
2021-11,Imiaytu Acrvasmrw
2021-11,Imqoj Hryalk
2021-11,Iolmekugg Wqeevsjb
2021-11,Iqtloru Qbsmompovnt
2021-11,Itxpurka Gjule
2021-11,Ivqsfovoneug Rfogfrbjq
2021-11,Iyuzpi Mgaircstyjee
2021-11,Jfnbtywtnqke Hbrrdnppuodl
2021-11,Jiitikp Mouadqmgcq
2021-11,Jnkgcq Rkioy
2021-11,Jzwtbs Mfpebaqxqd
2021-11,Kcwfleaorta Klcmfo
2021-11,Kddxaqgu Yxufpnpog
2021-11,Kvrpw Ihldkv
2021-11,Kxwpb Pfowemfvpsif
2021-11,Lamqclg Nllpoma
2021-11,Learh Mqbyhbuei
2021-11,Llebnbpiktrb Vkcpurlyh
2021-11,Lteigyzpyi Rphubfngtt
2021-11,Mfauzvrfzue Ewacyjmkm
2021-11,Micfzwsp Rcidwxch
2021-11,Mrbmnnzb Kbfvwrq
2021-11,Mwiophnj Beqgggwawax
2021-11,Ndsugditw Vltawu
2021-11,Neeymzjd Yizjtqihnyhl
2021-11,Nrdnta Simucmc
2021-11,Nxdxqsuegejr Qmjeybj
2021-11,Oisbtvkwhneh Oxvouz
2021-11,Oqgkxeej Zraajetpipaz
2021-11,Oszhyj Emfiyp
2021-11,Pkeljj Jhiccy
2021-11,Pqjbt Ciwofscgapv
2021-11,Pznhm Dwilzo
2021-11,Qaemb Sqoinga
2021-11,Qbgtohh Cxozkksaobvb
2021-11,Qhexqdhynpk Thjch
2021-11,Qjppprgzkdhj Igshamvcndl
2021-11,Qxegijmxx Utzijoq
2021-11,Resofhm Zrbebubmppcw
2021-11,Rlwjkxod Wvaxceej
2021-11,Rxqarjkovh Qzgdi
2021-11,Rzucmrkxheto Pyzvftroxe
2021-11,Sjsaqvke Wpecmlupmea
2021-11,Spetibcfcfj Wtmoai
2021-11,Suksgurnnmok Mcvkj
2021-11,Tbazgcppx Pdkbgihnivll
2021-11,Tdcihbdfh Klcuvuu
2021-11,Tgcgw Gopozb
2021-11,Tleaqrbg Zaqnamg
2021-11,Tpycu Uqfqcbqgs
2021-11,Ttpzgkhk Vuzsf
2021-11,Tyvwgriycve Tbjkamolf
2021-11,Ueicy Wvqrio
2021-11,Ukezqfewppal Mucwfcsh
2021-11,Unymibqs Fvvdblhx
2021-11,Uskqcxacvmsa Wbdvcuif
2021-11,Vgfsddw Ekuvj
2021-11,Vwgjscsblo Vwtxikhodp
2021-11,Wbokimm Piigt
2021-11,Whqxtdkbcpok Goiosa
2021-11,Wjaguxf Iictegytglz
2021-11,Wpgloyzaneu Xfjivn
2021-11,Wtvigrhqhrq Dzywuhwsl
2021-11,Wxitdj Vbzefhoqb
2021-11,Xwccusg Fmvpvdj
2021-11,Xwsaija Oiqcjawmz
2021-11,Yuhirh Bymybw
2021-11,Zavbzvmsjw Ufjetyk
2021-11,Zwknsdimjn Sqapnfutfv
2021-12,Agendeuef Ztasqwwcobi
2021-12,Ahhjew Aphpea
2021-12,Akxcxrgsqi Adyujxu
2021-12,Ambmxivw Wbwuywi
2021-12,Atgvpsut Dmkugbzhs
2021-12,Awijj Flwfudrbwv
2021-12,Bjqjh Jctnmpmab
2021-12,Bkpzzfrgpmyl Xssaahvrgh
2021-12,Blpfnrarzvh Nmcpu
2021-12,Bperp Wzxhxmknxfwp
2021-12,Chjzjlhrufdc Ehnifr
2021-12,Cyolckpkc Jtgmnpahrq
2021-12,Dfbwuay Kmygyknmnzm
2021-12,Dpvhyb Xsowiixeadtc
2021-12,Endbyg Leoglsgc
2021-12,Fghkacepsy Ekecm
2021-12,Fjciarx Roxavdjmch
2021-12,Fmoflf Rnaftrxndufq
2021-12,Fyhdgjugnomq Mguts
2021-12,Ggatwkenwo Qfgbxmkd
2021-12,Gjqwmmvzj Kjdcxtdbve
2021-12,Gsntipv Edxidhknagpa
2021-12,Gwvwinuyengt Ggrxneylmwzk
2021-12,Gysclglunyw Cypmwza
2021-12,Hehpffxvvg Segwgluxch
2021-12,Hrutqqrlf Txxnbz
2021-12,Htjusuwwvqd Xcnlkrdab
2021-12,Huclfip Wswpxe
2021-12,Hyeiify Vsrnipvocn
2021-12,Hyiuisxrvhzr Ysykowrqamt
2021-12,Imiaytu Acrvasmrw
2021-12,Imqoj Hryalk
2021-12,Iolmekugg Wqeevsjb
2021-12,Iqtloru Qbsmompovnt
2021-12,Itxpurka Gjule
2021-12,Ivqsfovoneug Rfogfrbjq
2021-12,Iyuzpi Mgaircstyjee
2021-12,Jfnbtywtnqke Hbrrdnppuodl
2021-12,Jiitikp Mouadqmgcq
2021-12,Jnkgcq Rkioy
2021-12,Jzwtbs Mfpebaqxqd
2021-12,Kcwfleaorta Klcmfo
2021-12,Kddxaqgu Yxufpnpog
2021-12,Kvrpw Ihldkv
2021-12,Kxwpb Pfowemfvpsif
2021-12,Lamqclg Nllpoma
2021-12,Learh Mqbyhbuei
2021-12,Llebnbpiktrb Vkcpurlyh
2021-12,Lteigyzpyi Rphubfngtt
2021-12,Mfauzvrfzue Ewacyjmkm
2021-12,Micfzwsp Rcidwxch
2021-12,Mrbmnnzb Kbfvwrq
2021-12,Mwiophnj Beqgggwawax
2021-12,Ndsugditw Vltawu
2021-12,Neeymzjd Yizjtqihnyhl
2021-12,Nrdnta Simucmc
2021-12,Nxdxqsuegejr Qmjeybj
2021-12,Oisbtvkwhneh Oxvouz
2021-12,Oqgkxeej Zraajetpipaz
2021-12,Oszhyj Emfiyp
2021-12,Pkeljj Jhiccy
2021-12,Pqjbt Ciwofscgapv
2021-12,Pznhm Dwilzo
2021-12,Qaemb Sqoinga
2021-12,Qbgtohh Cxozkksaobvb
2021-12,Qhexqdhynpk Thjch
2021-12,Qjppprgzkdhj Igshamvcndl
2021-12,Qxegijmxx Utzijoq
2021-12,Resofhm Zrbebubmppcw
2021-12,Rlwjkxod Wvaxceej
2021-12,Rxqarjkovh Qzgdi
2021-12,Rzucmrkxheto Pyzvftroxe
2021-12,Sjsaqvke Wpecmlupmea
2021-12,Spetibcfcfj Wtmoai
2021-12,Suksgurnnmok Mcvkj
2021-12,Tbazgcppx Pdkbgihnivll
2021-12,Tdcihbdfh Klcuvuu
2021-12,Tgcgw Gopozb
2021-12,Tleaqrbg Zaqnamg
2021-12,Tpycu Uqfqcbqgs
2021-12,Ttpzgkhk Vuzsf
2021-12,Tyvwgriycve Tbjkamolf
2021-12,Ueicy Wvqrio
2021-12,Ukezqfewppal Mucwfcsh
2021-12,Unymibqs Fvvdblhx
2021-12,Uskqcxacvmsa Wbdvcuif
2021-12,Vgfsddw Ekuvj
2021-12,Vwgjscsblo Vwtxikhodp
2021-12,Wbokimm Piigt
2021-12,Whqxtdkbcpok Goiosa
2021-12,Wjaguxf Iictegytglz
2021-12,Wpgloyzaneu Xfjivn
2021-12,Wtvigrhqhrq Dzywuhwsl
2021-12,Wxitdj Vbzefhoqb
2021-12,Xwccusg Fmvpvdj
2021-12,Xwsaija Oiqcjawmz
2021-12,Yuhirh Bymybw
2021-12,Zavbzvmsjw Ufjetyk
2021-12,Zwknsdimjn Sqapnfutfv
2022-01,Agendeuef Ztasqwwcobi
2022-01,Ahhjew Aphpea
2022-01,Akxcxrgsqi Adyujxu
2022-01,Ambmxivw Wbwuywi
2022-01,Atgvpsut Dmkugbzhs
2022-01,Awijj Flwfudrbwv
2022-01,Bjqjh Jctnmpmab
2022-01,Bkpzzfrgpmyl Xssaahvrgh
2022-01,Blpfnrarzvh Nmcpu
2022-01,Bperp Wzxhxmknxfwp
2022-01,Chjzjlhrufdc Ehnifr
2022-01,Cyolckpkc Jtgmnpahrq
2022-01,Dfbwuay Kmygyknmnzm
2022-01,Dpvhyb Xsowiixeadtc
2022-01,Endbyg Leoglsgc
2022-01,Fghkacepsy Ekecm
2022-01,Fjciarx Roxavdjmch
2022-01,Fmoflf Rnaftrxndufq
2022-01,Fyhdgjugnomq Mguts
2022-01,Ggatwkenwo Qfgbxmkd
2022-01,Gjqwmmvzj Kjdcxtdbve
2022-01,Gsntipv Edxidhknagpa
2022-01,Gwvwinuyengt Ggrxneylmwzk
2022-01,Gysclglunyw Cypmwza
2022-01,Hehpffxvvg Segwgluxch
2022-01,Hrutqqrlf Txxnbz
2022-01,Htjusuwwvqd Xcnlkrdab
2022-01,Huclfip Wswpxe
2022-01,Hyeiify Vsrnipvocn
2022-01,Hyiuisxrvhzr Ysykowrqamt
2022-01,Imiaytu Acrvasmrw
2022-01,Imqoj Hryalk
2022-01,Iolmekugg Wqeevsjb
2022-01,Iqtloru Qbsmompovnt
2022-01,Itxpurka Gjule
2022-01,Ivqsfovoneug Rfogfrbjq
2022-01,Iyuzpi Mgaircstyjee
2022-01,Jfnbtywtnqke Hbrrdnppuodl
2022-01,Jiitikp Mouadqmgcq
2022-01,Jnkgcq Rkioy
2022-01,Jzwtbs Mfpebaqxqd
2022-01,Kcwfleaorta Klcmfo
2022-01,Kddxaqgu Yxufpnpog
2022-01,Kvrpw Ihldkv
2022-01,Kxwpb Pfowemfvpsif
2022-01,Lamqclg Nllpoma
2022-01,Learh Mqbyhbuei
2022-01,Llebnbpiktrb Vkcpurlyh
2022-01,Lteigyzpyi Rphubfngtt
2022-01,Mfauzvrfzue Ewacyjmkm
2022-01,Micfzwsp Rcidwxch
2022-01,Mrbmnnzb Kbfvwrq
2022-01,Mwiophnj Beqgggwawax
2022-01,Ndsugditw Vltawu
2022-01,Neeymzjd Yizjtqihnyhl
2022-01,Nrdnta Simucmc
2022-01,Nxdxqsuegejr Qmjeybj
2022-01,Oisbtvkwhneh Oxvouz
2022-01,Oqgkxeej Zraajetpipaz
2022-01,Oszhyj Emfiyp
2022-01,Pkeljj Jhiccy
2022-01,Pqjbt Ciwofscgapv
2022-01,Pznhm Dwilzo
2022-01,Qaemb Sqoinga
2022-01,Qbgtohh Cxozkksaobvb
2022-01,Qhexqdhynpk Thjch
2022-01,Qjppprgzkdhj Igshamvcndl
2022-01,Qxegijmxx Utzijoq
2022-01,Resofhm Zrbebubmppcw
2022-01,Rlwjkxod Wvaxceej
2022-01,Rxqarjkovh Qzgdi
2022-01,Rzucmrkxheto Pyzvftroxe
2022-01,Sjsaqvke Wpecmlupmea
2022-01,Spetibcfcfj Wtmoai
2022-01,Suksgurnnmok Mcvkj
2022-01,Tbazgcppx Pdkbgihnivll
2022-01,Tdcihbdfh Klcuvuu
2022-01,Tgcgw Gopozb
2022-01,Tleaqrbg Zaqnamg
2022-01,Tpycu Uqfqcbqgs
2022-01,Ttpzgkhk Vuzsf
2022-01,Tyvwgriycve Tbjkamolf
2022-01,Ueicy Wvqrio
2022-01,Ukezqfewppal Mucwfcsh
2022-01,Unymibqs Fvvdblhx
2022-01,Uskqcxacvmsa Wbdvcuif
2022-01,Vgfsddw Ekuvj
2022-01,Vwgjscsblo Vwtxikhodp
2022-01,Wbokimm Piigt
2022-01,Whqxtdkbcpok Goiosa
2022-01,Wjaguxf Iictegytglz
2022-01,Wpgloyzaneu Xfjivn
2022-01,Wtvigrhqhrq Dzywuhwsl
2022-01,Wxitdj Vbzefhoqb
2022-01,Xwccusg Fmvpvdj
2022-01,Xwsaija Oiqcjawmz
2022-01,Yuhirh Bymybw
2022-01,Zavbzvmsjw Ufjetyk
2022-01,Zwknsdimjn Sqapnfutfv
2022-02,Agendeuef Ztasqwwcobi
2022-02,Ahhjew Aphpea
2022-02,Akxcxrgsqi Adyujxu
2022-02,Ambmxivw Wbwuywi
2022-02,Atgvpsut Dmkugbzhs
2022-02,Awijj Flwfudrbwv
2022-02,Bjqjh Jctnmpmab
2022-02,Bkpzzfrgpmyl Xssaahvrgh
2022-02,Blpfnrarzvh Nmcpu
2022-02,Bperp Wzxhxmknxfwp
2022-02,Chjzjlhrufdc Ehnifr
2022-02,Cyolckpkc Jtgmnpahrq
2022-02,Dfbwuay Kmygyknmnzm
2022-02,Dpvhyb Xsowiixeadtc
2022-02,Endbyg Leoglsgc
2022-02,Fghkacepsy Ekecm
2022-02,Fjciarx Roxavdjmch
2022-02,Fmoflf Rnaftrxndufq
2022-02,Fyhdgjugnomq Mguts
2022-02,Ggatwkenwo Qfgbxmkd
2022-02,Gjqwmmvzj Kjdcxtdbve
2022-02,Gsntipv Edxidhknagpa
2022-02,Gwvwinuyengt Ggrxneylmwzk
2022-02,Gysclglunyw Cypmwza
2022-02,Hehpffxvvg Segwgluxch
2022-02,Hrutqqrlf Txxnbz
2022-02,Htjusuwwvqd Xcnlkrdab
2022-02,Huclfip Wswpxe
2022-02,Hyeiify Vsrnipvocn
2022-02,Hyiuisxrvhzr Ysykowrqamt
2022-02,Imiaytu Acrvasmrw
2022-02,Imqoj Hryalk
2022-02,Iolmekugg Wqeevsjb
2022-02,Iqtloru Qbsmompovnt
2022-02,Itxpurka Gjule
2022-02,Ivqsfovoneug Rfogfrbjq
2022-02,Iyuzpi Mgaircstyjee
2022-02,Jfnbtywtnqke Hbrrdnppuodl
2022-02,Jiitikp Mouadqmgcq
2022-02,Jnkgcq Rkioy
2022-02,Jzwtbs Mfpebaqxqd
2022-02,Kcwfleaorta Klcmfo
2022-02,Kddxaqgu Yxufpnpog
2022-02,Kvrpw Ihldkv
2022-02,Kxwpb Pfowemfvpsif
2022-02,Lamqclg Nllpoma
2022-02,Learh Mqbyhbuei
2022-02,Llebnbpiktrb Vkcpurlyh
2022-02,Lteigyzpyi Rphubfngtt
2022-02,Mfauzvrfzue Ewacyjmkm
2022-02,Micfzwsp Rcidwxch
2022-02,Mrbmnnzb Kbfvwrq
2022-02,Mwiophnj Beqgggwawax
2022-02,Ndsugditw Vltawu
2022-02,Neeymzjd Yizjtqihnyhl
2022-02,Nrdnta Simucmc
2022-02,Nxdxqsuegejr Qmjeybj
2022-02,Oisbtvkwhneh Oxvouz
2022-02,Oqgkxeej Zraajetpipaz
2022-02,Oszhyj Emfiyp
2022-02,Pkeljj Jhiccy
2022-02,Pqjbt Ciwofscgapv
2022-02,Pznhm Dwilzo
2022-02,Qaemb Sqoinga
2022-02,Qbgtohh Cxozkksaobvb
2022-02,Qhexqdhynpk Thjch
2022-02,Qjppprgzkdhj Igshamvcndl
2022-02,Qxegijmxx Utzijoq
2022-02,Resofhm Zrbebubmppcw
2022-02,Rlwjkxod Wvaxceej
2022-02,Rxqarjkovh Qzgdi
2022-02,Rzucmrkxheto Pyzvftroxe
2022-02,Sjsaqvke Wpecmlupmea
2022-02,Spetibcfcfj Wtmoai
2022-02,Suksgurnnmok Mcvkj
2022-02,Tbazgcppx Pdkbgihnivll
2022-02,Tdcihbdfh Klcuvuu
2022-02,Tgcgw Gopozb
2022-02,Tleaqrbg Zaqnamg
2022-02,Tpycu Uqfqcbqgs
2022-02,Ttpzgkhk Vuzsf
2022-02,Tyvwgriycve Tbjkamolf
2022-02,Ueicy Wvqrio
2022-02,Ukezqfewppal Mucwfcsh
2022-02,Unymibqs Fvvdblhx
2022-02,Uskqcxacvmsa Wbdvcuif
2022-02,Vgfsddw Ekuvj
2022-02,Vwgjscsblo Vwtxikhodp
2022-02,Wbokimm Piigt
2022-02,Whqxtdkbcpok Goiosa
2022-02,Wjaguxf Iictegytglz
2022-02,Wpgloyzaneu Xfjivn
2022-02,Wtvigrhqhrq Dzywuhwsl
2022-02,Wxitdj Vbzefhoqb
2022-02,Xwccusg Fmvpvdj
2022-02,Xwsaija Oiqcjawmz
2022-02,Yuhirh Bymybw
2022-02,Zavbzvmsjw Ufjetyk
2022-02,Zwknsdimjn Sqapnfutfv
2022-03,Agendeuef Ztasqwwcobi
2022-03,Ahhjew Aphpea
2022-03,Akxcxrgsqi Adyujxu
2022-03,Ambmxivw Wbwuywi
2022-03,Atgvpsut Dmkugbzhs
2022-03,Awijj Flwfudrbwv
2022-03,Bjqjh Jctnmpmab
2022-03,Bkpzzfrgpmyl Xssaahvrgh
2022-03,Blpfnrarzvh Nmcpu
2022-03,Bperp Wzxhxmknxfwp
2022-03,Chjzjlhrufdc Ehnifr
2022-03,Cyolckpkc Jtgmnpahrq
2022-03,Dfbwuay Kmygyknmnzm
2022-03,Dpvhyb Xsowiixeadtc
2022-03,Endbyg Leoglsgc
2022-03,Fghkacepsy Ekecm
2022-03,Fjciarx Roxavdjmch
2022-03,Fmoflf Rnaftrxndufq
2022-03,Fyhdgjugnomq Mguts
2022-03,Ggatwkenwo Qfgbxmkd
2022-03,Gjqwmmvzj Kjdcxtdbve
2022-03,Gsntipv Edxidhknagpa
2022-03,Gwvwinuyengt Ggrxneylmwzk
2022-03,Gysclglunyw Cypmwza
2022-03,Hehpffxvvg Segwgluxch
2022-03,Hrutqqrlf Txxnbz
2022-03,Htjusuwwvqd Xcnlkrdab
2022-03,Huclfip Wswpxe
2022-03,Hyeiify Vsrnipvocn
2022-03,Hyiuisxrvhzr Ysykowrqamt
2022-03,Imiaytu Acrvasmrw
2022-03,Imqoj Hryalk
2022-03,Iolmekugg Wqeevsjb
2022-03,Iqtloru Qbsmompovnt
2022-03,Itxpurka Gjule
2022-03,Ivqsfovoneug Rfogfrbjq
2022-03,Iyuzpi Mgaircstyjee
2022-03,Jfnbtywtnqke Hbrrdnppuodl
2022-03,Jiitikp Mouadqmgcq
2022-03,Jnkgcq Rkioy
2022-03,Jzwtbs Mfpebaqxqd
2022-03,Kcwfleaorta Klcmfo
2022-03,Kddxaqgu Yxufpnpog
2022-03,Kvrpw Ihldkv
2022-03,Kxwpb Pfowemfvpsif
2022-03,Lamqclg Nllpoma
2022-03,Learh Mqbyhbuei
2022-03,Llebnbpiktrb Vkcpurlyh
2022-03,Lteigyzpyi Rphubfngtt
2022-03,Mfauzvrfzue Ewacyjmkm
2022-03,Micfzwsp Rcidwxch
2022-03,Mrbmnnzb Kbfvwrq
2022-03,Mwiophnj Beqgggwawax
2022-03,Ndsugditw Vltawu
2022-03,Neeymzjd Yizjtqihnyhl
2022-03,Nrdnta Simucmc
2022-03,Nxdxqsuegejr Qmjeybj
2022-03,Oisbtvkwhneh Oxvouz
2022-03,Oqgkxeej Zraajetpipaz
2022-03,Oszhyj Emfiyp
2022-03,Pkeljj Jhiccy
2022-03,Pqjbt Ciwofscgapv
2022-03,Pznhm Dwilzo
2022-03,Qaemb Sqoinga
2022-03,Qbgtohh Cxozkksaobvb
2022-03,Qhexqdhynpk Thjch
2022-03,Qjppprgzkdhj Igshamvcndl
2022-03,Qxegijmxx Utzijoq
2022-03,Resofhm Zrbebubmppcw
2022-03,Rlwjkxod Wvaxceej
2022-03,Rxqarjkovh Qzgdi
2022-03,Rzucmrkxheto Pyzvftroxe
2022-03,Sjsaqvke Wpecmlupmea
2022-03,Spetibcfcfj Wtmoai
2022-03,Suksgurnnmok Mcvkj
2022-03,Tbazgcppx Pdkbgihnivll
2022-03,Tdcihbdfh Klcuvuu
2022-03,Tgcgw Gopozb
2022-03,Tleaqrbg Zaqnamg
2022-03,Tpycu Uqfqcbqgs
2022-03,Ttpzgkhk Vuzsf
2022-03,Tyvwgriycve Tbjkamolf
2022-03,Ueicy Wvqrio
2022-03,Ukezqfewppal Mucwfcsh
2022-03,Unymibqs Fvvdblhx
2022-03,Uskqcxacvmsa Wbdvcuif
2022-03,Vgfsddw Ekuvj
2022-03,Vwgjscsblo Vwtxikhodp
2022-03,Wbokimm Piigt
2022-03,Whqxtdkbcpok Goiosa
2022-03,Wjaguxf Iictegytglz
2022-03,Wpgloyzaneu Xfjivn
2022-03,Wtvigrhqhrq Dzywuhwsl
2022-03,Wxitdj Vbzefhoqb
2022-03,Xwccusg Fmvpvdj
2022-03,Xwsaija Oiqcjawmz
2022-03,Yuhirh Bymybw
2022-03,Zavbzvmsjw Ufjetyk
2022-03,Zwknsdimjn Sqapnfutfv
2022-04,Agendeuef Ztasqwwcobi
2022-04,Ahhjew Aphpea
2022-04,Akxcxrgsqi Adyujxu
2022-04,Ambmxivw Wbwuywi
2022-04,Atgvpsut Dmkugbzhs
2022-04,Awijj Flwfudrbwv
2022-04,Bjqjh Jctnmpmab
2022-04,Bkpzzfrgpmyl Xssaahvrgh
2022-04,Blpfnrarzvh Nmcpu
2022-04,Bperp Wzxhxmknxfwp
2022-04,Chjzjlhrufdc Ehnifr
2022-04,Cyolckpkc Jtgmnpahrq
2022-04,Dfbwuay Kmygyknmnzm
2022-04,Dpvhyb Xsowiixeadtc
2022-04,Endbyg Leoglsgc
2022-04,Fghkacepsy Ekecm
2022-04,Fjciarx Roxavdjmch
2022-04,Fmoflf Rnaftrxndufq
2022-04,Fyhdgjugnomq Mguts
2022-04,Ggatwkenwo Qfgbxmkd
2022-04,Gjqwmmvzj Kjdcxtdbve
2022-04,Gsntipv Edxidhknagpa
2022-04,Gwvwinuyengt Ggrxneylmwzk
2022-04,Gysclglunyw Cypmwza
2022-04,Hehpffxvvg Segwgluxch
2022-04,Hrutqqrlf Txxnbz
2022-04,Htjusuwwvqd Xcnlkrdab
2022-04,Huclfip Wswpxe
2022-04,Hyeiify Vsrnipvocn
2022-04,Hyiuisxrvhzr Ysykowrqamt
2022-04,Imiaytu Acrvasmrw
2022-04,Imqoj Hryalk
2022-04,Iolmekugg Wqeevsjb
2022-04,Iqtloru Qbsmompovnt
2022-04,Itxpurka Gjule
2022-04,Ivqsfovoneug Rfogfrbjq
2022-04,Iyuzpi Mgaircstyjee
2022-04,Jfnbtywtnqke Hbrrdnppuodl
2022-04,Jiitikp Mouadqmgcq
2022-04,Jnkgcq Rkioy
2022-04,Jzwtbs Mfpebaqxqd
2022-04,Kcwfleaorta Klcmfo
2022-04,Kddxaqgu Yxufpnpog
2022-04,Kvrpw Ihldkv
2022-04,Kxwpb Pfowemfvpsif
2022-04,Lamqclg Nllpoma
2022-04,Learh Mqbyhbuei
2022-04,Llebnbpiktrb Vkcpurlyh
2022-04,Lteigyzpyi Rphubfngtt
2022-04,Mfauzvrfzue Ewacyjmkm
2022-04,Micfzwsp Rcidwxch
2022-04,Mrbmnnzb Kbfvwrq
2022-04,Mwiophnj Beqgggwawax
2022-04,Ndsugditw Vltawu
2022-04,Neeymzjd Yizjtqihnyhl
2022-04,Nrdnta Simucmc
2022-04,Nxdxqsuegejr Qmjeybj
2022-04,Oisbtvkwhneh Oxvouz
2022-04,Oqgkxeej Zraajetpipaz
2022-04,Oszhyj Emfiyp
2022-04,Pkeljj Jhiccy
2022-04,Pqjbt Ciwofscgapv
2022-04,Pznhm Dwilzo
2022-04,Qaemb Sqoinga
2022-04,Qbgtohh Cxozkksaobvb
2022-04,Qhexqdhynpk Thjch
2022-04,Qjppprgzkdhj Igshamvcndl
2022-04,Qxegijmxx Utzijoq
2022-04,Resofhm Zrbebubmppcw
2022-04,Rlwjkxod Wvaxceej
2022-04,Rxqarjkovh Qzgdi
2022-04,Rzucmrkxheto Pyzvftroxe
2022-04,Sjsaqvke Wpecmlupmea
2022-04,Spetibcfcfj Wtmoai
2022-04,Suksgurnnmok Mcvkj
2022-04,Tbazgcppx Pdkbgihnivll
2022-04,Tdcihbdfh Klcuvuu
2022-04,Tgcgw Gopozb
2022-04,Tleaqrbg Zaqnamg
2022-04,Tpycu Uqfqcbqgs
2022-04,Ttpzgkhk Vuzsf
2022-04,Tyvwgriycve Tbjkamolf
2022-04,Ueicy Wvqrio
2022-04,Ukezqfewppal Mucwfcsh
2022-04,Unymibqs Fvvdblhx
2022-04,Uskqcxacvmsa Wbdvcuif
2022-04,Vgfsddw Ekuvj
2022-04,Vwgjscsblo Vwtxikhodp
2022-04,Wbokimm Piigt
2022-04,Whqxtdkbcpok Goiosa
2022-04,Wjaguxf Iictegytglz
2022-04,Wpgloyzaneu Xfjivn
2022-04,Wtvigrhqhrq Dzywuhwsl
2022-04,Wxitdj Vbzefhoqb
2022-04,Xwccusg Fmvpvdj
2022-04,Xwsaija Oiqcjawmz
2022-04,Yuhirh Bymybw
2022-04,Zavbzvmsjw Ufjetyk
2022-04,Zwknsdimjn Sqapnfutfv
2022-05,Agendeuef Ztasqwwcobi
2022-05,Ahhjew Aphpea
2022-05,Akxcxrgsqi Adyujxu
2022-05,Ambmxivw Wbwuywi
2022-05,Atgvpsut Dmkugbzhs
2022-05,Awijj Flwfudrbwv
2022-05,Bjqjh Jctnmpmab
2022-05,Bkpzzfrgpmyl Xssaahvrgh
2022-05,Blpfnrarzvh Nmcpu
2022-05,Bperp Wzxhxmknxfwp
2022-05,Chjzjlhrufdc Ehnifr
2022-05,Cyolckpkc Jtgmnpahrq
2022-05,Dfbwuay Kmygyknmnzm
2022-05,Dpvhyb Xsowiixeadtc
2022-05,Endbyg Leoglsgc
2022-05,Fghkacepsy Ekecm
2022-05,Fjciarx Roxavdjmch
2022-05,Fmoflf Rnaftrxndufq
2022-05,Fyhdgjugnomq Mguts
2022-05,Ggatwkenwo Qfgbxmkd
2022-05,Gjqwmmvzj Kjdcxtdbve
2022-05,Gsntipv Edxidhknagpa
2022-05,Gwvwinuyengt Ggrxneylmwzk
2022-05,Gysclglunyw Cypmwza
2022-05,Hehpffxvvg Segwgluxch
2022-05,Hrutqqrlf Txxnbz
2022-05,Htjusuwwvqd Xcnlkrdab
2022-05,Huclfip Wswpxe
2022-05,Hyeiify Vsrnipvocn
2022-05,Hyiuisxrvhzr Ysykowrqamt
2022-05,Imiaytu Acrvasmrw
2022-05,Imqoj Hryalk
2022-05,Iolmekugg Wqeevsjb
2022-05,Iqtloru Qbsmompovnt
2022-05,Itxpurka Gjule
2022-05,Ivqsfovoneug Rfogfrbjq
2022-05,Iyuzpi Mgaircstyjee
2022-05,Jfnbtywtnqke Hbrrdnppuodl
2022-05,Jiitikp Mouadqmgcq
2022-05,Jnkgcq Rkioy
2022-05,Jzwtbs Mfpebaqxqd
2022-05,Kcwfleaorta Klcmfo
2022-05,Kddxaqgu Yxufpnpog
2022-05,Kvrpw Ihldkv
2022-05,Kxwpb Pfowemfvpsif
2022-05,Lamqclg Nllpoma
2022-05,Learh Mqbyhbuei
2022-05,Llebnbpiktrb Vkcpurlyh
2022-05,Lteigyzpyi Rphubfngtt
2022-05,Mfauzvrfzue Ewacyjmkm
2022-05,Micfzwsp Rcidwxch
2022-05,Mrbmnnzb Kbfvwrq
2022-05,Mwiophnj Beqgggwawax
2022-05,Ndsugditw Vltawu
2022-05,Neeymzjd Yizjtqihnyhl
2022-05,Nrdnta Simucmc
2022-05,Nxdxqsuegejr Qmjeybj
2022-05,Oisbtvkwhneh Oxvouz
2022-05,Oqgkxeej Zraajetpipaz
2022-05,Oszhyj Emfiyp
2022-05,Pkeljj Jhiccy
2022-05,Pqjbt Ciwofscgapv
2022-05,Pznhm Dwilzo
2022-05,Qaemb Sqoinga
2022-05,Qbgtohh Cxozkksaobvb
2022-05,Qhexqdhynpk Thjch
2022-05,Qjppprgzkdhj Igshamvcndl
2022-05,Qxegijmxx Utzijoq
2022-05,Resofhm Zrbebubmppcw
2022-05,Rlwjkxod Wvaxceej
2022-05,Rxqarjkovh Qzgdi
2022-05,Rzucmrkxheto Pyzvftroxe
2022-05,Sjsaqvke Wpecmlupmea
2022-05,Spetibcfcfj Wtmoai
2022-05,Suksgurnnmok Mcvkj
2022-05,Tbazgcppx Pdkbgihnivll
2022-05,Tdcihbdfh Klcuvuu
2022-05,Tgcgw Gopozb
2022-05,Tleaqrbg Zaqnamg
2022-05,Tpycu Uqfqcbqgs
2022-05,Ttpzgkhk Vuzsf
2022-05,Tyvwgriycve Tbjkamolf
2022-05,Ueicy Wvqrio
2022-05,Ukezqfewppal Mucwfcsh
2022-05,Unymibqs Fvvdblhx
2022-05,Uskqcxacvmsa Wbdvcuif
2022-05,Vgfsddw Ekuvj
2022-05,Vwgjscsblo Vwtxikhodp
2022-05,Wbokimm Piigt
2022-05,Whqxtdkbcpok Goiosa
2022-05,Wjaguxf Iictegytglz
2022-05,Wpgloyzaneu Xfjivn
2022-05,Wtvigrhqhrq Dzywuhwsl
2022-05,Wxitdj Vbzefhoqb
2022-05,Xwccusg Fmvpvdj
2022-05,Xwsaija Oiqcjawmz
2022-05,Yuhirh Bymybw
2022-05,Zavbzvmsjw Ufjetyk
2022-05,Zwknsdimjn Sqapnfutfv
2022-06,Agendeuef Ztasqwwcobi
2022-06,Ahhjew Aphpea
2022-06,Akxcxrgsqi Adyujxu
2022-06,Ambmxivw Wbwuywi
2022-06,Atgvpsut Dmkugbzhs
2022-06,Awijj Flwfudrbwv
2022-06,Bjqjh Jctnmpmab
2022-06,Bkpzzfrgpmyl Xssaahvrgh
2022-06,Blpfnrarzvh Nmcpu
2022-06,Bperp Wzxhxmknxfwp
2022-06,Chjzjlhrufdc Ehnifr
2022-06,Cyolckpkc Jtgmnpahrq
2022-06,Dfbwuay Kmygyknmnzm
2022-06,Dpvhyb Xsowiixeadtc
2022-06,Endbyg Leoglsgc
2022-06,Fghkacepsy Ekecm
2022-06,Fjciarx Roxavdjmch
2022-06,Fmoflf Rnaftrxndufq
2022-06,Fyhdgjugnomq Mguts
2022-06,Ggatwkenwo Qfgbxmkd
2022-06,Gjqwmmvzj Kjdcxtdbve
2022-06,Gsntipv Edxidhknagpa
2022-06,Gwvwinuyengt Ggrxneylmwzk
2022-06,Gysclglunyw Cypmwza
2022-06,Hehpffxvvg Segwgluxch
2022-06,Hrutqqrlf Txxnbz
2022-06,Htjusuwwvqd Xcnlkrdab
2022-06,Huclfip Wswpxe
2022-06,Hyeiify Vsrnipvocn
2022-06,Hyiuisxrvhzr Ysykowrqamt
2022-06,Imiaytu Acrvasmrw
2022-06,Imqoj Hryalk
2022-06,Iolmekugg Wqeevsjb
2022-06,Iqtloru Qbsmompovnt
2022-06,Itxpurka Gjule
2022-06,Ivqsfovoneug Rfogfrbjq
2022-06,Iyuzpi Mgaircstyjee
2022-06,Jfnbtywtnqke Hbrrdnppuodl
2022-06,Jiitikp Mouadqmgcq
2022-06,Jnkgcq Rkioy
2022-06,Jzwtbs Mfpebaqxqd
2022-06,Kcwfleaorta Klcmfo
2022-06,Kddxaqgu Yxufpnpog
2022-06,Kvrpw Ihldkv
2022-06,Kxwpb Pfowemfvpsif
2022-06,Lamqclg Nllpoma
2022-06,Learh Mqbyhbuei
2022-06,Llebnbpiktrb Vkcpurlyh
2022-06,Lteigyzpyi Rphubfngtt
2022-06,Mfauzvrfzue Ewacyjmkm
2022-06,Micfzwsp Rcidwxch
2022-06,Mrbmnnzb Kbfvwrq
2022-06,Mwiophnj Beqgggwawax
2022-06,Ndsugditw Vltawu
2022-06,Neeymzjd Yizjtqihnyhl
2022-06,Nrdnta Simucmc
2022-06,Nxdxqsuegejr Qmjeybj
2022-06,Oisbtvkwhneh Oxvouz
2022-06,Oqgkxeej Zraajetpipaz
2022-06,Oszhyj Emfiyp
2022-06,Pkeljj Jhiccy
2022-06,Pqjbt Ciwofscgapv
2022-06,Pznhm Dwilzo
2022-06,Qaemb Sqoinga
2022-06,Qbgtohh Cxozkksaobvb
2022-06,Qhexqdhynpk Thjch
2022-06,Qjppprgzkdhj Igshamvcndl
2022-06,Qxegijmxx Utzijoq
2022-06,Resofhm Zrbebubmppcw
2022-06,Rlwjkxod Wvaxceej
2022-06,Rxqarjkovh Qzgdi
2022-06,Rzucmrkxheto Pyzvftroxe
2022-06,Sjsaqvke Wpecmlupmea
2022-06,Spetibcfcfj Wtmoai
2022-06,Suksgurnnmok Mcvkj
2022-06,Tbazgcppx Pdkbgihnivll
2022-06,Tdcihbdfh Klcuvuu
2022-06,Tgcgw Gopozb
2022-06,Tleaqrbg Zaqnamg
2022-06,Tpycu Uqfqcbqgs
2022-06,Ttpzgkhk Vuzsf
2022-06,Tyvwgriycve Tbjkamolf
2022-06,Ueicy Wvqrio
2022-06,Ukezqfewppal Mucwfcsh
2022-06,Unymibqs Fvvdblhx
2022-06,Uskqcxacvmsa Wbdvcuif
2022-06,Vgfsddw Ekuvj
2022-06,Vwgjscsblo Vwtxikhodp
2022-06,Wbokimm Piigt
2022-06,Whqxtdkbcpok Goiosa
2022-06,Wjaguxf Iictegytglz
2022-06,Wpgloyzaneu Xfjivn
2022-06,Wtvigrhqhrq Dzywuhwsl
2022-06,Wxitdj Vbzefhoqb
2022-06,Xwccusg Fmvpvdj
2022-06,Xwsaija Oiqcjawmz
2022-06,Yuhirh Bymybw
2022-06,Zavbzvmsjw Ufjetyk
2022-06,Zwknsdimjn Sqapnfutfv
2022-07,Agendeuef Ztasqwwcobi
2022-07,Ahhjew Aphpea
2022-07,Akxcxrgsqi Adyujxu
2022-07,Ambmxivw Wbwuywi
2022-07,Atgvpsut Dmkugbzhs
2022-07,Awijj Flwfudrbwv
2022-07,Bjqjh Jctnmpmab
2022-07,Bkpzzfrgpmyl Xssaahvrgh
2022-07,Blpfnrarzvh Nmcpu
2022-07,Bperp Wzxhxmknxfwp
2022-07,Chjzjlhrufdc Ehnifr
2022-07,Cyolckpkc Jtgmnpahrq
2022-07,Dfbwuay Kmygyknmnzm
2022-07,Dpvhyb Xsowiixeadtc
2022-07,Endbyg Leoglsgc
2022-07,Fghkacepsy Ekecm
2022-07,Fjciarx Roxavdjmch
2022-07,Fmoflf Rnaftrxndufq
2022-07,Fyhdgjugnomq Mguts
2022-07,Ggatwkenwo Qfgbxmkd
2022-07,Gjqwmmvzj Kjdcxtdbve
2022-07,Gsntipv Edxidhknagpa
2022-07,Gwvwinuyengt Ggrxneylmwzk
2022-07,Gysclglunyw Cypmwza
2022-07,Hehpffxvvg Segwgluxch
2022-07,Hrutqqrlf Txxnbz
2022-07,Htjusuwwvqd Xcnlkrdab
2022-07,Huclfip Wswpxe
2022-07,Hyeiify Vsrnipvocn
2022-07,Hyiuisxrvhzr Ysykowrqamt
2022-07,Imiaytu Acrvasmrw
2022-07,Imqoj Hryalk
2022-07,Iolmekugg Wqeevsjb
2022-07,Iqtloru Qbsmompovnt
2022-07,Itxpurka Gjule
2022-07,Ivqsfovoneug Rfogfrbjq
2022-07,Iyuzpi Mgaircstyjee
2022-07,Jfnbtywtnqke Hbrrdnppuodl
2022-07,Jiitikp Mouadqmgcq
2022-07,Jnkgcq Rkioy
2022-07,Jzwtbs Mfpebaqxqd
2022-07,Kcwfleaorta Klcmfo
2022-07,Kddxaqgu Yxufpnpog
2022-07,Kvrpw Ihldkv
2022-07,Kxwpb Pfowemfvpsif
2022-07,Lamqclg Nllpoma
2022-07,Learh Mqbyhbuei
2022-07,Llebnbpiktrb Vkcpurlyh
2022-07,Lteigyzpyi Rphubfngtt
2022-07,Mfauzvrfzue Ewacyjmkm
2022-07,Micfzwsp Rcidwxch
2022-07,Mrbmnnzb Kbfvwrq
2022-07,Mwiophnj Beqgggwawax
2022-07,Ndsugditw Vltawu
2022-07,Neeymzjd Yizjtqihnyhl
2022-07,Nrdnta Simucmc
2022-07,Nxdxqsuegejr Qmjeybj
2022-07,Oisbtvkwhneh Oxvouz
2022-07,Oqgkxeej Zraajetpipaz
2022-07,Oszhyj Emfiyp
2022-07,Pkeljj Jhiccy
2022-07,Pqjbt Ciwofscgapv
2022-07,Pznhm Dwilzo
2022-07,Qaemb Sqoinga
2022-07,Qbgtohh Cxozkksaobvb
2022-07,Qhexqdhynpk Thjch
2022-07,Qjppprgzkdhj Igshamvcndl
2022-07,Qxegijmxx Utzijoq
2022-07,Resofhm Zrbebubmppcw
2022-07,Rlwjkxod Wvaxceej
2022-07,Rxqarjkovh Qzgdi
2022-07,Rzucmrkxheto Pyzvftroxe
2022-07,Sjsaqvke Wpecmlupmea
2022-07,Spetibcfcfj Wtmoai
2022-07,Suksgurnnmok Mcvkj
2022-07,Tbazgcppx Pdkbgihnivll
2022-07,Tdcihbdfh Klcuvuu
2022-07,Tgcgw Gopozb
2022-07,Tleaqrbg Zaqnamg
2022-07,Tpycu Uqfqcbqgs
2022-07,Ttpzgkhk Vuzsf
2022-07,Tyvwgriycve Tbjkamolf
2022-07,Ueicy Wvqrio
2022-07,Ukezqfewppal Mucwfcsh
2022-07,Unymibqs Fvvdblhx
2022-07,Uskqcxacvmsa Wbdvcuif
2022-07,Vgfsddw Ekuvj
2022-07,Vwgjscsblo Vwtxikhodp
2022-07,Wbokimm Piigt
2022-07,Whqxtdkbcpok Goiosa
2022-07,Wjaguxf Iictegytglz
2022-07,Wpgloyzaneu Xfjivn
2022-07,Wtvigrhqhrq Dzywuhwsl
2022-07,Wxitdj Vbzefhoqb
2022-07,Xwccusg Fmvpvdj
2022-07,Xwsaija Oiqcjawmz
2022-07,Yuhirh Bymybw
2022-07,Zavbzvmsjw Ufjetyk
2022-07,Zwknsdimjn Sqapnfutfv
2022-08,Agendeuef Ztasqwwcobi
2022-08,Ahhjew Aphpea
2022-08,Akxcxrgsqi Adyujxu
2022-08,Ambmxivw Wbwuywi
2022-08,Atgvpsut Dmkugbzhs
2022-08,Awijj Flwfudrbwv
2022-08,Bjqjh Jctnmpmab
2022-08,Bkpzzfrgpmyl Xssaahvrgh
2022-08,Blpfnrarzvh Nmcpu
2022-08,Bperp Wzxhxmknxfwp
2022-08,Chjzjlhrufdc Ehnifr
2022-08,Cyolckpkc Jtgmnpahrq
2022-08,Dfbwuay Kmygyknmnzm
2022-08,Dpvhyb Xsowiixeadtc
2022-08,Endbyg Leoglsgc
2022-08,Fghkacepsy Ekecm
2022-08,Fjciarx Roxavdjmch
2022-08,Fmoflf Rnaftrxndufq
2022-08,Fyhdgjugnomq Mguts
2022-08,Ggatwkenwo Qfgbxmkd
2022-08,Gjqwmmvzj Kjdcxtdbve
2022-08,Gsntipv Edxidhknagpa
2022-08,Gwvwinuyengt Ggrxneylmwzk
2022-08,Gysclglunyw Cypmwza
2022-08,Hehpffxvvg Segwgluxch
2022-08,Hrutqqrlf Txxnbz
2022-08,Htjusuwwvqd Xcnlkrdab
2022-08,Huclfip Wswpxe
2022-08,Hyeiify Vsrnipvocn
2022-08,Hyiuisxrvhzr Ysykowrqamt
2022-08,Imiaytu Acrvasmrw
2022-08,Imqoj Hryalk
2022-08,Iolmekugg Wqeevsjb
2022-08,Iqtloru Qbsmompovnt
2022-08,Itxpurka Gjule
2022-08,Ivqsfovoneug Rfogfrbjq
2022-08,Iyuzpi Mgaircstyjee
2022-08,Jfnbtywtnqke Hbrrdnppuodl
2022-08,Jiitikp Mouadqmgcq
2022-08,Jnkgcq Rkioy
2022-08,Jzwtbs Mfpebaqxqd
2022-08,Kcwfleaorta Klcmfo
2022-08,Kddxaqgu Yxufpnpog
2022-08,Kvrpw Ihldkv
2022-08,Kxwpb Pfowemfvpsif
2022-08,Lamqclg Nllpoma
2022-08,Learh Mqbyhbuei
2022-08,Llebnbpiktrb Vkcpurlyh
2022-08,Lteigyzpyi Rphubfngtt
2022-08,Mfauzvrfzue Ewacyjmkm
2022-08,Micfzwsp Rcidwxch
2022-08,Mrbmnnzb Kbfvwrq
2022-08,Mwiophnj Beqgggwawax
2022-08,Ndsugditw Vltawu
2022-08,Neeymzjd Yizjtqihnyhl
2022-08,Nrdnta Simucmc
2022-08,Nxdxqsuegejr Qmjeybj
2022-08,Oisbtvkwhneh Oxvouz
2022-08,Oqgkxeej Zraajetpipaz
2022-08,Oszhyj Emfiyp
2022-08,Pkeljj Jhiccy
2022-08,Pqjbt Ciwofscgapv
2022-08,Pznhm Dwilzo
2022-08,Qaemb Sqoinga
2022-08,Qbgtohh Cxozkksaobvb
2022-08,Qhexqdhynpk Thjch
2022-08,Qjppprgzkdhj Igshamvcndl
2022-08,Qxegijmxx Utzijoq
2022-08,Resofhm Zrbebubmppcw
2022-08,Rlwjkxod Wvaxceej
2022-08,Rxqarjkovh Qzgdi
2022-08,Rzucmrkxheto Pyzvftroxe
2022-08,Sjsaqvke Wpecmlupmea
2022-08,Spetibcfcfj Wtmoai
2022-08,Suksgurnnmok Mcvkj
2022-08,Tbazgcppx Pdkbgihnivll
2022-08,Tdcihbdfh Klcuvuu
2022-08,Tgcgw Gopozb
2022-08,Tleaqrbg Zaqnamg
2022-08,Tpycu Uqfqcbqgs
2022-08,Ttpzgkhk Vuzsf
2022-08,Tyvwgriycve Tbjkamolf
2022-08,Ueicy Wvqrio
2022-08,Ukezqfewppal Mucwfcsh
2022-08,Unymibqs Fvvdblhx
2022-08,Uskqcxacvmsa Wbdvcuif
2022-08,Vgfsddw Ekuvj
2022-08,Vwgjscsblo Vwtxikhodp
2022-08,Wbokimm Piigt
2022-08,Whqxtdkbcpok Goiosa
2022-08,Wjaguxf Iictegytglz
2022-08,Wpgloyzaneu Xfjivn
2022-08,Wtvigrhqhrq Dzywuhwsl
2022-08,Wxitdj Vbzefhoqb
2022-08,Xwccusg Fmvpvdj
2022-08,Xwsaija Oiqcjawmz
2022-08,Yuhirh Bymybw
2022-08,Zavbzvmsjw Ufjetyk
2022-08,Zwknsdimjn Sqapnfutfv
2022-09,Agendeuef Ztasqwwcobi
2022-09,Ahhjew Aphpea
2022-09,Akxcxrgsqi Adyujxu
2022-09,Ambmxivw Wbwuywi
2022-09,Atgvpsut Dmkugbzhs
2022-09,Awijj Flwfudrbwv
2022-09,Bjqjh Jctnmpmab
2022-09,Bkpzzfrgpmyl Xssaahvrgh
2022-09,Blpfnrarzvh Nmcpu
2022-09,Bperp Wzxhxmknxfwp
2022-09,Chjzjlhrufdc Ehnifr
2022-09,Cyolckpkc Jtgmnpahrq
2022-09,Dfbwuay Kmygyknmnzm
2022-09,Dpvhyb Xsowiixeadtc
2022-09,Endbyg Leoglsgc
2022-09,Fghkacepsy Ekecm
2022-09,Fjciarx Roxavdjmch
2022-09,Fmoflf Rnaftrxndufq
2022-09,Fyhdgjugnomq Mguts
2022-09,Ggatwkenwo Qfgbxmkd
2022-09,Gjqwmmvzj Kjdcxtdbve
2022-09,Gsntipv Edxidhknagpa
2022-09,Gwvwinuyengt Ggrxneylmwzk
2022-09,Gysclglunyw Cypmwza
2022-09,Hehpffxvvg Segwgluxch
2022-09,Hrutqqrlf Txxnbz
2022-09,Htjusuwwvqd Xcnlkrdab
2022-09,Huclfip Wswpxe
2022-09,Hyeiify Vsrnipvocn
2022-09,Hyiuisxrvhzr Ysykowrqamt
2022-09,Imiaytu Acrvasmrw
2022-09,Imqoj Hryalk
2022-09,Iolmekugg Wqeevsjb
2022-09,Iqtloru Qbsmompovnt
2022-09,Itxpurka Gjule
2022-09,Ivqsfovoneug Rfogfrbjq
2022-09,Iyuzpi Mgaircstyjee
2022-09,Jfnbtywtnqke Hbrrdnppuodl
2022-09,Jiitikp Mouadqmgcq
2022-09,Jnkgcq Rkioy
2022-09,Jzwtbs Mfpebaqxqd
2022-09,Kcwfleaorta Klcmfo
2022-09,Kddxaqgu Yxufpnpog
2022-09,Kvrpw Ihldkv
2022-09,Kxwpb Pfowemfvpsif
2022-09,Lamqclg Nllpoma
2022-09,Learh Mqbyhbuei
2022-09,Llebnbpiktrb Vkcpurlyh
2022-09,Lteigyzpyi Rphubfngtt
2022-09,Mfauzvrfzue Ewacyjmkm
2022-09,Micfzwsp Rcidwxch
2022-09,Mrbmnnzb Kbfvwrq
2022-09,Mwiophnj Beqgggwawax
2022-09,Ndsugditw Vltawu
2022-09,Neeymzjd Yizjtqihnyhl
2022-09,Nrdnta Simucmc
2022-09,Nxdxqsuegejr Qmjeybj
2022-09,Oisbtvkwhneh Oxvouz
2022-09,Oqgkxeej Zraajetpipaz
2022-09,Oszhyj Emfiyp
2022-09,Pkeljj Jhiccy
2022-09,Pqjbt Ciwofscgapv
2022-09,Pznhm Dwilzo
2022-09,Qaemb Sqoinga
2022-09,Qbgtohh Cxozkksaobvb
2022-09,Qhexqdhynpk Thjch
2022-09,Qjppprgzkdhj Igshamvcndl
2022-09,Qxegijmxx Utzijoq
2022-09,Resofhm Zrbebubmppcw
2022-09,Rlwjkxod Wvaxceej
2022-09,Rxqarjkovh Qzgdi
2022-09,Rzucmrkxheto Pyzvftroxe
2022-09,Sjsaqvke Wpecmlupmea
2022-09,Spetibcfcfj Wtmoai
2022-09,Suksgurnnmok Mcvkj
2022-09,Tbazgcppx Pdkbgihnivll
2022-09,Tdcihbdfh Klcuvuu
2022-09,Tgcgw Gopozb
2022-09,Tleaqrbg Zaqnamg
2022-09,Tpycu Uqfqcbqgs
2022-09,Ttpzgkhk Vuzsf
2022-09,Tyvwgriycve Tbjkamolf
2022-09,Ueicy Wvqrio
2022-09,Ukezqfewppal Mucwfcsh
2022-09,Unymibqs Fvvdblhx
2022-09,Uskqcxacvmsa Wbdvcuif
2022-09,Vgfsddw Ekuvj
2022-09,Vwgjscsblo Vwtxikhodp
2022-09,Wbokimm Piigt
2022-09,Whqxtdkbcpok Goiosa
2022-09,Wjaguxf Iictegytglz
2022-09,Wpgloyzaneu Xfjivn
2022-09,Wtvigrhqhrq Dzywuhwsl
2022-09,Wxitdj Vbzefhoqb
2022-09,Xwccusg Fmvpvdj
2022-09,Xwsaija Oiqcjawmz
2022-09,Yuhirh Bymybw
2022-09,Zavbzvmsjw Ufjetyk
2022-09,Zwknsdimjn Sqapnfutfv
2022-10,Agendeuef Ztasqwwcobi
2022-10,Ahhjew Aphpea
2022-10,Akxcxrgsqi Adyujxu
2022-10,Ambmxivw Wbwuywi
2022-10,Atgvpsut Dmkugbzhs
2022-10,Awijj Flwfudrbwv
2022-10,Bjqjh Jctnmpmab
2022-10,Bkpzzfrgpmyl Xssaahvrgh
2022-10,Blpfnrarzvh Nmcpu
2022-10,Bperp Wzxhxmknxfwp
2022-10,Chjzjlhrufdc Ehnifr
2022-10,Cyolckpkc Jtgmnpahrq
2022-10,Dfbwuay Kmygyknmnzm
2022-10,Dpvhyb Xsowiixeadtc
2022-10,Endbyg Leoglsgc
2022-10,Fghkacepsy Ekecm
2022-10,Fjciarx Roxavdjmch
2022-10,Fmoflf Rnaftrxndufq
2022-10,Fyhdgjugnomq Mguts
2022-10,Ggatwkenwo Qfgbxmkd
2022-10,Gjqwmmvzj Kjdcxtdbve
2022-10,Gsntipv Edxidhknagpa
2022-10,Gwvwinuyengt Ggrxneylmwzk
2022-10,Gysclglunyw Cypmwza
2022-10,Hehpffxvvg Segwgluxch
2022-10,Hrutqqrlf Txxnbz
2022-10,Htjusuwwvqd Xcnlkrdab
2022-10,Huclfip Wswpxe
2022-10,Hyeiify Vsrnipvocn
2022-10,Hyiuisxrvhzr Ysykowrqamt
2022-10,Imiaytu Acrvasmrw
2022-10,Imqoj Hryalk
2022-10,Iolmekugg Wqeevsjb
2022-10,Iqtloru Qbsmompovnt
2022-10,Itxpurka Gjule
2022-10,Ivqsfovoneug Rfogfrbjq
2022-10,Iyuzpi Mgaircstyjee
2022-10,Jfnbtywtnqke Hbrrdnppuodl
2022-10,Jiitikp Mouadqmgcq
2022-10,Jnkgcq Rkioy
2022-10,Jzwtbs Mfpebaqxqd
2022-10,Kcwfleaorta Klcmfo
2022-10,Kddxaqgu Yxufpnpog
2022-10,Kvrpw Ihldkv
2022-10,Kxwpb Pfowemfvpsif
2022-10,Lamqclg Nllpoma
2022-10,Learh Mqbyhbuei
2022-10,Llebnbpiktrb Vkcpurlyh
2022-10,Lteigyzpyi Rphubfngtt
2022-10,Mfauzvrfzue Ewacyjmkm
2022-10,Micfzwsp Rcidwxch
2022-10,Mrbmnnzb Kbfvwrq
2022-10,Mwiophnj Beqgggwawax
2022-10,Ndsugditw Vltawu
2022-10,Neeymzjd Yizjtqihnyhl
2022-10,Nrdnta Simucmc
2022-10,Nxdxqsuegejr Qmjeybj
2022-10,Oisbtvkwhneh Oxvouz
2022-10,Oqgkxeej Zraajetpipaz
2022-10,Oszhyj Emfiyp
2022-10,Pkeljj Jhiccy
2022-10,Pqjbt Ciwofscgapv
2022-10,Pznhm Dwilzo
2022-10,Qaemb Sqoinga
2022-10,Qbgtohh Cxozkksaobvb
2022-10,Qhexqdhynpk Thjch
2022-10,Qjppprgzkdhj Igshamvcndl
2022-10,Qxegijmxx Utzijoq
2022-10,Resofhm Zrbebubmppcw
2022-10,Rlwjkxod Wvaxceej
2022-10,Rxqarjkovh Qzgdi
2022-10,Rzucmrkxheto Pyzvftroxe
2022-10,Sjsaqvke Wpecmlupmea
2022-10,Spetibcfcfj Wtmoai
2022-10,Suksgurnnmok Mcvkj
2022-10,Tbazgcppx Pdkbgihnivll
2022-10,Tdcihbdfh Klcuvuu
2022-10,Tgcgw Gopozb
2022-10,Tleaqrbg Zaqnamg
2022-10,Tpycu Uqfqcbqgs
2022-10,Ttpzgkhk Vuzsf
2022-10,Tyvwgriycve Tbjkamolf
2022-10,Ueicy Wvqrio
2022-10,Ukezqfewppal Mucwfcsh
2022-10,Unymibqs Fvvdblhx
2022-10,Uskqcxacvmsa Wbdvcuif
2022-10,Vgfsddw Ekuvj
2022-10,Vwgjscsblo Vwtxikhodp
2022-10,Wbokimm Piigt
2022-10,Whqxtdkbcpok Goiosa
2022-10,Wjaguxf Iictegytglz
2022-10,Wpgloyzaneu Xfjivn
2022-10,Wtvigrhqhrq Dzywuhwsl
2022-10,Wxitdj Vbzefhoqb
2022-10,Xwccusg Fmvpvdj
2022-10,Xwsaija Oiqcjawmz
2022-10,Yuhirh Bymybw
2022-10,Zavbzvmsjw Ufjetyk
2022-10,Zwknsdimjn Sqapnfutfv
2022-11,Agendeuef Ztasqwwcobi
2022-11,Ahhjew Aphpea
2022-11,Akxcxrgsqi Adyujxu
2022-11,Ambmxivw Wbwuywi
2022-11,Atgvpsut Dmkugbzhs
2022-11,Awijj Flwfudrbwv
2022-11,Bjqjh Jctnmpmab
2022-11,Bkpzzfrgpmyl Xssaahvrgh
2022-11,Blpfnrarzvh Nmcpu
2022-11,Bperp Wzxhxmknxfwp
2022-11,Chjzjlhrufdc Ehnifr
2022-11,Cyolckpkc Jtgmnpahrq
2022-11,Dfbwuay Kmygyknmnzm
2022-11,Dpvhyb Xsowiixeadtc
2022-11,Endbyg Leoglsgc
2022-11,Fghkacepsy Ekecm
2022-11,Fjciarx Roxavdjmch
2022-11,Fmoflf Rnaftrxndufq
2022-11,Fyhdgjugnomq Mguts
2022-11,Ggatwkenwo Qfgbxmkd
2022-11,Gjqwmmvzj Kjdcxtdbve
2022-11,Gsntipv Edxidhknagpa
2022-11,Gwvwinuyengt Ggrxneylmwzk
2022-11,Gysclglunyw Cypmwza
2022-11,Hehpffxvvg Segwgluxch
2022-11,Hrutqqrlf Txxnbz
2022-11,Htjusuwwvqd Xcnlkrdab
2022-11,Huclfip Wswpxe
2022-11,Hyeiify Vsrnipvocn
2022-11,Hyiuisxrvhzr Ysykowrqamt
2022-11,Imiaytu Acrvasmrw
2022-11,Imqoj Hryalk
2022-11,Iolmekugg Wqeevsjb
2022-11,Iqtloru Qbsmompovnt
2022-11,Itxpurka Gjule
2022-11,Ivqsfovoneug Rfogfrbjq
2022-11,Iyuzpi Mgaircstyjee
2022-11,Jfnbtywtnqke Hbrrdnppuodl
2022-11,Jiitikp Mouadqmgcq
2022-11,Jnkgcq Rkioy
2022-11,Jzwtbs Mfpebaqxqd
2022-11,Kcwfleaorta Klcmfo
2022-11,Kddxaqgu Yxufpnpog
2022-11,Kvrpw Ihldkv
2022-11,Kxwpb Pfowemfvpsif
2022-11,Lamqclg Nllpoma
2022-11,Learh Mqbyhbuei
2022-11,Llebnbpiktrb Vkcpurlyh
2022-11,Lteigyzpyi Rphubfngtt
2022-11,Mfauzvrfzue Ewacyjmkm
2022-11,Micfzwsp Rcidwxch
2022-11,Mrbmnnzb Kbfvwrq
2022-11,Mwiophnj Beqgggwawax
2022-11,Ndsugditw Vltawu
2022-11,Neeymzjd Yizjtqihnyhl
2022-11,Nrdnta Simucmc
2022-11,Nxdxqsuegejr Qmjeybj
2022-11,Oisbtvkwhneh Oxvouz
2022-11,Oqgkxeej Zraajetpipaz
2022-11,Oszhyj Emfiyp
2022-11,Pkeljj Jhiccy
2022-11,Pqjbt Ciwofscgapv
2022-11,Pznhm Dwilzo
2022-11,Qaemb Sqoinga
2022-11,Qbgtohh Cxozkksaobvb
2022-11,Qhexqdhynpk Thjch
2022-11,Qjppprgzkdhj Igshamvcndl
2022-11,Qxegijmxx Utzijoq
2022-11,Resofhm Zrbebubmppcw
2022-11,Rlwjkxod Wvaxceej
2022-11,Rxqarjkovh Qzgdi
2022-11,Rzucmrkxheto Pyzvftroxe
2022-11,Sjsaqvke Wpecmlupmea
2022-11,Spetibcfcfj Wtmoai
2022-11,Suksgurnnmok Mcvkj
2022-11,Tbazgcppx Pdkbgihnivll
2022-11,Tdcihbdfh Klcuvuu
2022-11,Tgcgw Gopozb
2022-11,Tleaqrbg Zaqnamg
2022-11,Tpycu Uqfqcbqgs
2022-11,Ttpzgkhk Vuzsf
2022-11,Tyvwgriycve Tbjkamolf
2022-11,Ueicy Wvqrio
2022-11,Ukezqfewppal Mucwfcsh
2022-11,Unymibqs Fvvdblhx
2022-11,Uskqcxacvmsa Wbdvcuif
2022-11,Vgfsddw Ekuvj
2022-11,Vwgjscsblo Vwtxikhodp
2022-11,Wbokimm Piigt
2022-11,Whqxtdkbcpok Goiosa
2022-11,Wjaguxf Iictegytglz
2022-11,Wpgloyzaneu Xfjivn
2022-11,Wtvigrhqhrq Dzywuhwsl
2022-11,Wxitdj Vbzefhoqb
2022-11,Xwccusg Fmvpvdj
2022-11,Xwsaija Oiqcjawmz
2022-11,Yuhirh Bymybw
2022-11,Zavbzvmsjw Ufjetyk
2022-11,Zwknsdimjn Sqapnfutfv
2022-12,Agendeuef Ztasqwwcobi
2022-12,Ahhjew Aphpea
2022-12,Akxcxrgsqi Adyujxu
2022-12,Ambmxivw Wbwuywi
2022-12,Atgvpsut Dmkugbzhs
2022-12,Awijj Flwfudrbwv
2022-12,Bjqjh Jctnmpmab
2022-12,Bkpzzfrgpmyl Xssaahvrgh
2022-12,Blpfnrarzvh Nmcpu
2022-12,Bperp Wzxhxmknxfwp
2022-12,Chjzjlhrufdc Ehnifr
2022-12,Cyolckpkc Jtgmnpahrq
2022-12,Dfbwuay Kmygyknmnzm
2022-12,Dpvhyb Xsowiixeadtc
2022-12,Endbyg Leoglsgc
2022-12,Fghkacepsy Ekecm
2022-12,Fjciarx Roxavdjmch
2022-12,Fmoflf Rnaftrxndufq
2022-12,Fyhdgjugnomq Mguts
2022-12,Ggatwkenwo Qfgbxmkd
2022-12,Gjqwmmvzj Kjdcxtdbve
2022-12,Gsntipv Edxidhknagpa
2022-12,Gwvwinuyengt Ggrxneylmwzk
2022-12,Gysclglunyw Cypmwza
2022-12,Hehpffxvvg Segwgluxch
2022-12,Hrutqqrlf Txxnbz
2022-12,Htjusuwwvqd Xcnlkrdab
2022-12,Huclfip Wswpxe
2022-12,Hyeiify Vsrnipvocn
2022-12,Hyiuisxrvhzr Ysykowrqamt
2022-12,Imiaytu Acrvasmrw
2022-12,Imqoj Hryalk
2022-12,Iolmekugg Wqeevsjb
2022-12,Iqtloru Qbsmompovnt
2022-12,Itxpurka Gjule
2022-12,Ivqsfovoneug Rfogfrbjq
2022-12,Iyuzpi Mgaircstyjee
2022-12,Jfnbtywtnqke Hbrrdnppuodl
2022-12,Jiitikp Mouadqmgcq
2022-12,Jnkgcq Rkioy
2022-12,Jzwtbs Mfpebaqxqd
2022-12,Kcwfleaorta Klcmfo
2022-12,Kddxaqgu Yxufpnpog
2022-12,Kvrpw Ihldkv
2022-12,Kxwpb Pfowemfvpsif
2022-12,Lamqclg Nllpoma
2022-12,Learh Mqbyhbuei
2022-12,Llebnbpiktrb Vkcpurlyh
2022-12,Lteigyzpyi Rphubfngtt
2022-12,Mfauzvrfzue Ewacyjmkm
2022-12,Micfzwsp Rcidwxch
2022-12,Mrbmnnzb Kbfvwrq
2022-12,Mwiophnj Beqgggwawax
2022-12,Ndsugditw Vltawu
2022-12,Neeymzjd Yizjtqihnyhl
2022-12,Nrdnta Simucmc
2022-12,Nxdxqsuegejr Qmjeybj
2022-12,Oisbtvkwhneh Oxvouz
2022-12,Oqgkxeej Zraajetpipaz
2022-12,Oszhyj Emfiyp
2022-12,Pkeljj Jhiccy
2022-12,Pqjbt Ciwofscgapv
2022-12,Pznhm Dwilzo
2022-12,Qaemb Sqoinga
2022-12,Qbgtohh Cxozkksaobvb
2022-12,Qhexqdhynpk Thjch
2022-12,Qjppprgzkdhj Igshamvcndl
2022-12,Qxegijmxx Utzijoq
2022-12,Resofhm Zrbebubmppcw
2022-12,Rlwjkxod Wvaxceej
2022-12,Rxqarjkovh Qzgdi
2022-12,Rzucmrkxheto Pyzvftroxe
2022-12,Sjsaqvke Wpecmlupmea
2022-12,Spetibcfcfj Wtmoai
2022-12,Suksgurnnmok Mcvkj
2022-12,Tbazgcppx Pdkbgihnivll
2022-12,Tdcihbdfh Klcuvuu
2022-12,Tgcgw Gopozb
2022-12,Tleaqrbg Zaqnamg
2022-12,Tpycu Uqfqcbqgs
2022-12,Ttpzgkhk Vuzsf
2022-12,Tyvwgriycve Tbjkamolf
2022-12,Ueicy Wvqrio
2022-12,Ukezqfewppal Mucwfcsh
2022-12,Unymibqs Fvvdblhx
2022-12,Uskqcxacvmsa Wbdvcuif
2022-12,Vgfsddw Ekuvj
2022-12,Vwgjscsblo Vwtxikhodp
2022-12,Wbokimm Piigt
2022-12,Whqxtdkbcpok Goiosa
2022-12,Wjaguxf Iictegytglz
2022-12,Wpgloyzaneu Xfjivn
2022-12,Wtvigrhqhrq Dzywuhwsl
2022-12,Wxitdj Vbzefhoqb
2022-12,Xwccusg Fmvpvdj
2022-12,Xwsaija Oiqcjawmz
2022-12,Yuhirh Bymybw
2022-12,Zavbzvmsjw Ufjetyk
2022-12,Zwknsdimjn Sqapnfutfv
2023-01,Agendeuef Ztasqwwcobi
2023-01,Ahhjew Aphpea
2023-01,Akxcxrgsqi Adyujxu
2023-01,Ambmxivw Wbwuywi
2023-01,Atgvpsut Dmkugbzhs
2023-01,Awijj Flwfudrbwv
2023-01,Bjqjh Jctnmpmab
2023-01,Bkpzzfrgpmyl Xssaahvrgh
2023-01,Blpfnrarzvh Nmcpu
2023-01,Bperp Wzxhxmknxfwp
2023-01,Chjzjlhrufdc Ehnifr
2023-01,Cyolckpkc Jtgmnpahrq
2023-01,Dfbwuay Kmygyknmnzm
2023-01,Dpvhyb Xsowiixeadtc
2023-01,Endbyg Leoglsgc
2023-01,Fghkacepsy Ekecm
2023-01,Fjciarx Roxavdjmch
2023-01,Fmoflf Rnaftrxndufq
2023-01,Fyhdgjugnomq Mguts
2023-01,Ggatwkenwo Qfgbxmkd
2023-01,Gjqwmmvzj Kjdcxtdbve
2023-01,Gsntipv Edxidhknagpa
2023-01,Gwvwinuyengt Ggrxneylmwzk
2023-01,Gysclglunyw Cypmwza
2023-01,Hehpffxvvg Segwgluxch
2023-01,Hrutqqrlf Txxnbz
2023-01,Htjusuwwvqd Xcnlkrdab
2023-01,Huclfip Wswpxe
2023-01,Hyeiify Vsrnipvocn
2023-01,Hyiuisxrvhzr Ysykowrqamt
2023-01,Imiaytu Acrvasmrw
2023-01,Imqoj Hryalk
2023-01,Iolmekugg Wqeevsjb
2023-01,Iqtloru Qbsmompovnt
2023-01,Itxpurka Gjule
2023-01,Ivqsfovoneug Rfogfrbjq
2023-01,Iyuzpi Mgaircstyjee
2023-01,Jfnbtywtnqke Hbrrdnppuodl
2023-01,Jiitikp Mouadqmgcq
2023-01,Jnkgcq Rkioy
2023-01,Jzwtbs Mfpebaqxqd
2023-01,Kcwfleaorta Klcmfo
2023-01,Kddxaqgu Yxufpnpog
2023-01,Kvrpw Ihldkv
2023-01,Kxwpb Pfowemfvpsif
2023-01,Lamqclg Nllpoma
2023-01,Learh Mqbyhbuei
2023-01,Llebnbpiktrb Vkcpurlyh
2023-01,Lteigyzpyi Rphubfngtt
2023-01,Mfauzvrfzue Ewacyjmkm
2023-01,Micfzwsp Rcidwxch
2023-01,Mrbmnnzb Kbfvwrq
2023-01,Mwiophnj Beqgggwawax
2023-01,Ndsugditw Vltawu
2023-01,Neeymzjd Yizjtqihnyhl
2023-01,Nrdnta Simucmc
2023-01,Nxdxqsuegejr Qmjeybj
2023-01,Oisbtvkwhneh Oxvouz
2023-01,Oqgkxeej Zraajetpipaz
2023-01,Oszhyj Emfiyp
2023-01,Pkeljj Jhiccy
2023-01,Pqjbt Ciwofscgapv
2023-01,Pznhm Dwilzo
2023-01,Qaemb Sqoinga
2023-01,Qbgtohh Cxozkksaobvb
2023-01,Qhexqdhynpk Thjch
2023-01,Qjppprgzkdhj Igshamvcndl
2023-01,Qxegijmxx Utzijoq
2023-01,Resofhm Zrbebubmppcw
2023-01,Rlwjkxod Wvaxceej
2023-01,Rxqarjkovh Qzgdi
2023-01,Rzucmrkxheto Pyzvftroxe
2023-01,Sjsaqvke Wpecmlupmea
2023-01,Spetibcfcfj Wtmoai
2023-01,Suksgurnnmok Mcvkj
2023-01,Tbazgcppx Pdkbgihnivll
2023-01,Tdcihbdfh Klcuvuu
2023-01,Tgcgw Gopozb
2023-01,Tleaqrbg Zaqnamg
2023-01,Tpycu Uqfqcbqgs
2023-01,Ttpzgkhk Vuzsf
2023-01,Tyvwgriycve Tbjkamolf
2023-01,Ueicy Wvqrio
2023-01,Ukezqfewppal Mucwfcsh
2023-01,Unymibqs Fvvdblhx
2023-01,Uskqcxacvmsa Wbdvcuif
2023-01,Vgfsddw Ekuvj
2023-01,Vwgjscsblo Vwtxikhodp
2023-01,Wbokimm Piigt
2023-01,Whqxtdkbcpok Goiosa
2023-01,Wjaguxf Iictegytglz
2023-01,Wpgloyzaneu Xfjivn
2023-01,Wtvigrhqhrq Dzywuhwsl
2023-01,Wxitdj Vbzefhoqb
2023-01,Xwccusg Fmvpvdj
2023-01,Xwsaija Oiqcjawmz
2023-01,Yuhirh Bymybw
2023-01,Zavbzvmsjw Ufjetyk
2023-01,Zwknsdimjn Sqapnfutfv
